"Time (s) Run #1","Magnetic Field Strength (Axial) (G) Run #1","Magnetic Field Strength (Perpendicular) (T) Run #1","Angle (rad) Run #1","Angular Velocity (rad/s) Run #1","Angular Acceleration (rad/s²) Run #1","Position (m) Run #1","Velocity (m/s) Run #1","Acceleration (m/s²) Run #1"
0.000,5.21723E0,5.04475E-5,-3.563,,,-4.47363E-2,,
0.100,5.19631E0,4.86992E-5,-3.563,0.000,,-4.47363E-2,0.000,
0.200,5.22142E0,5.07235E-5,-3.563,0.000,0.000,-4.47363E-2,0.000,0.000
0.300,5.18961E0,4.17981E-5,-3.563,0.000,0.000,-4.47363E-2,0.000,0.000
0.400,5.20803E0,5.23798E-5,-3.563,0.000,0.000,-4.47363E-2,0.000,0.000
0.500,5.23732E0,6.19493E-5,-3.563,0.000,0.000,-4.47363E-2,0.000,0.000
0.600,5.17455E0,4.36384E-5,-3.563,0.000,0.000,-4.47363E-2,0.000,0.000
0.700,5.14191E0,4.04179E-5,-3.563,0.000,0.000,-4.47363E-2,0.000,0.000
0.800,5.19882E0,5.68885E-5,-3.563,0.000,0.000,-4.47363E-2,0.000,0.000
0.900,5.28168E0,5.53242E-5,-3.563,0.000,0.000,-4.47363E-2,0.000,0.000
1.000,5.29424E0,4.08779E-5,-3.563,0.000,0.000,-4.47363E-2,0.000,0.000
1.100,5.31265E0,4.95273E-5,-3.563,0.000,0.000,-4.47363E-2,0.000,0.000
1.200,5.31098E0,5.32079E-5,-3.563,0.000,0.000,-4.47363E-2,0.000,0.000
1.300,5.27415E0,4.37304E-5,-3.563,0.000,0.004,-4.47363E-2,0.000,5.479E-5
1.400,5.26578E0,5.21037E-5,-3.563,0.000,0.013,-4.47363E-2,0.000,1.644E-4
1.500,5.25992E0,3.16764E-5,-3.563,0.003,0.017,-4.47363E-2,3.288E-5,2.192E-4
1.600,5.34446E0,3.97737E-5,-3.563,0.005,0.009,-4.47363E-2,6.575E-5,1.096E-4
1.700,5.30428E0,3.79335E-5,-3.561,0.005,-0.009,-4.47166E-2,6.575E-5,-1.096E-4
1.800,5.22644E0,3.72893E-5,-3.561,0.003,-0.013,-4.47166E-2,3.287E-5,-1.644E-4
1.900,5.32688E0,4.33623E-5,-3.561,0.000,3.697E-15,-4.47166E-2,0.000,1.156E-16
2.000,5.39049E0,4.77790E-5,-3.561,0.003,0.048,-4.47166E-2,3.288E-5,6.027E-4
2.100,5.33692E0,5.09075E-5,-3.561,0.005,0.458,-4.47166E-2,6.575E-5,0.006
2.200,5.24485E0,5.19197E-5,-3.559,0.026,1.252,-4.46968E-2,3.287E-4,0.016
2.300,5.34278E0,4.25342E-5,-3.559,0.251,1.837,-4.46968E-2,0.003,0.023
2.400,5.35868E0,4.15220E-5,-3.547,0.508,1.536,-4.45390E-2,0.006,0.019
2.500,5.46498E0,4.75950E-5,-3.423,0.626,0.436,-4.29808E-2,0.008,0.005
2.600,5.42229E0,4.55707E-5,-3.391,0.573,-0.467,-4.25863E-2,0.007,-0.006
2.700,5.50767E0,4.76870E-5,-3.340,0.448,-0.685,-4.19353E-2,0.006,-0.009
2.800,5.46582E0,5.12756E-5,-3.286,0.406,-0.353,-4.12647E-2,0.005,-0.004
2.900,5.51855E0,5.26558E-5,-3.259,0.382,0.144,-4.09294E-2,0.005,0.002
3.000,5.61899E0,5.21037E-5,-3.228,0.427,0.493,-4.05349E-2,0.005,0.006
3.100,5.73533E0,4.22581E-5,-3.168,0.513,0.737,-3.97853E-2,0.006,0.009
3.200,5.68511E0,4.52946E-5,-3.121,0.571,1.052,-3.91936E-2,0.007,0.013
3.300,5.82572E0,4.57547E-5,-3.058,0.681,1.353,-3.84046E-2,0.009,0.017
3.400,5.69934E0,4.67669E-5,-2.996,0.890,1.065,-3.76156E-2,0.011,0.013
3.500,5.94792E0,5.30239E-5,-2.886,1.005,-0.083,-3.62348E-2,0.013,-0.001
3.600,6.13206E0,6.36056E-5,-2.760,0.885,-1.152,-3.46568E-2,0.011,-0.014
3.700,6.12955E0,5.89128E-5,-2.691,0.636,-0.768,-3.37889E-2,0.008,-0.010
3.800,6.18813E0,5.09996E-5,-2.659,0.568,0.899,-3.33944E-2,0.007,0.011
3.900,6.27518E0,5.07235E-5,-2.604,0.861,2.125,-3.27040E-2,0.011,0.027
4.000,6.37311E0,5.24718E-5,-2.505,1.199,1.510,-3.14614E-2,0.015,0.019
4.100,6.71627E0,5.63364E-5,-2.328,1.280,-0.323,-2.92324E-2,0.016,-0.004
4.200,6.83345E0,6.09371E-5,-2.216,1.055,-1.510,-2.78320E-2,0.013,-0.019
4.300,6.96067E0,5.47722E-5,-2.125,0.812,-1.379,-2.66879E-2,0.010,-0.017
4.400,7.00336E0,5.99250E-5,-2.075,0.762,-0.829,-2.60567E-2,0.010,-0.010
4.500,7.16824E0,6.24094E-5,-1.982,0.746,-0.977,-2.48929E-2,0.009,-0.012
4.600,7.30634E0,5.94649E-5,-1.902,0.623,-1.667,-2.38870E-2,0.008,-0.021
4.700,7.27621E0,6.53539E-5,-1.850,0.364,-1.994,-2.32360E-2,0.005,-0.025
4.800,7.25194E0,7.03227E-5,-1.833,0.144,-1.597,-2.30191E-2,0.002,-0.020
4.900,7.39506E0,6.54459E-5,-1.833,0.029,-0.846,-2.30191E-2,3.616E-4,-0.011
5.000,7.33062E0,6.71021E-5,-1.833,0.000,-0.288,-2.30191E-2,0.000,-0.004
5.100,7.25027E0,6.86664E-5,-1.833,0.000,-0.048,-2.30191E-2,0.000,-6.027E-4
5.200,7.31053E0,6.48018E-5,-1.833,0.000,0.052,-2.30191E-2,0.000,6.575E-4
5.300,7.32308E0,5.75326E-5,-1.833,0.000,0.449,-2.30191E-2,0.000,0.006
5.400,7.31639E0,6.46177E-5,-1.833,0.031,1.209,-2.30191E-2,3.945E-4,0.015
5.500,7.23018E0,5.69805E-5,-1.833,0.238,1.802,-2.30191E-2,0.003,0.023
5.600,7.28709E0,5.54163E-5,-1.814,0.487,1.606,-2.27824E-2,0.006,0.020
5.700,7.38921E0,6.53539E-5,-1.709,0.626,0.716,-2.14608E-2,0.008,0.009
5.800,7.47876E0,7.39112E-5,-1.665,0.607,0.031,-2.09085E-2,0.008,3.835E-4
5.900,7.54907E0,7.15188E-5,-1.607,0.547,-0.035,-2.01787E-2,0.007,-4.383E-4
6.000,7.61938E0,6.43417E-5,-1.552,0.584,0.135,-1.94883E-2,0.007,0.002
6.100,7.67378E0,6.79303E-5,-1.494,0.628,-0.022,-1.87585E-2,0.008,-2.740E-4
6.200,7.65620E0,6.86664E-5,-1.428,0.607,-0.441,-1.79300E-2,0.008,-0.006
6.300,7.93576E0,6.68261E-5,-1.354,0.511,-0.550,-1.70029E-2,0.006,-0.007
6.400,7.86377E0,6.53539E-5,-1.327,0.437,-0.175,-1.66676E-2,0.005,-0.002
6.500,8.03285E0,7.80519E-5,-1.288,0.469,0.218,-1.61745E-2,0.006,0.003
6.600,8.07972E0,7.96161E-5,-1.232,0.545,0.113,-1.54644E-2,0.007,0.001
6.700,8.18852E0,7.32671E-5,-1.169,0.534,-0.375,-1.46754E-2,0.007,-0.005
6.800,8.21280E0,6.94025E-5,-1.120,0.440,-0.689,-1.40639E-2,0.006,-0.009
6.900,8.29984E0,6.33295E-5,-1.079,0.348,-0.633,-1.35511E-2,0.004,-0.008
7.000,8.34002E0,6.46177E-5,-1.057,0.317,-0.537,-1.32749E-2,0.004,-0.007
7.100,8.42037E0,7.47394E-5,-1.023,0.278,-0.676,-1.28410E-2,0.003,-0.008
7.200,8.52918E0,7.55675E-5,-0.986,0.188,-0.864,-1.23873E-2,0.002,-0.011
7.300,8.51746E0,7.38192E-5,-0.983,0.071,-0.768,-1.23478E-2,8.876E-4,-0.010
7.400,8.44046E0,7.04147E-5,-0.983,0.005,-0.432,-1.23478E-2,6.575E-5,-0.005
7.500,8.36931E0,7.37272E-5,-0.983,0.000,-0.127,-1.23478E-2,0.000,-0.002
7.600,8.41116E0,6.89424E-5,-0.983,0.000,-0.009,-1.23478E-2,0.000,-1.096E-4
7.700,8.41702E0,6.26854E-5,-0.983,0.000,0.000,-1.23478E-2,0.000,0.000
7.800,8.41786E0,5.81767E-5,-0.983,0.000,0.000,-1.23478E-2,0.000,0.000
7.900,8.43543E0,7.28071E-5,-0.983,0.000,0.000,-1.23478E-2,0.000,0.000
8.000,8.41200E0,7.48314E-5,-0.983,0.000,0.000,-1.23478E-2,0.000,0.000
8.100,8.44631E0,8.28367E-5,-0.983,0.000,0.000,-1.23478E-2,0.000,0.000
8.200,8.55345E0,7.41873E-5,-0.983,0.000,0.000,-1.23478E-2,0.000,0.000
8.300,8.41869E0,7.68557E-5,-0.983,0.000,0.000,-1.23478E-2,0.000,0.000
8.400,8.39024E0,7.05067E-5,-0.983,0.000,0.567,-1.23478E-2,0.000,0.007
8.500,8.49402E0,6.37896E-5,-0.983,0.000,2.055,-1.23478E-2,0.000,0.026
8.600,8.51746E0,8.31127E-5,-0.983,0.340,3.521,-1.23478E-2,0.004,0.044
8.700,8.41535E0,7.76838E-5,-0.983,0.893,3.408,-1.23478E-2,0.011,0.043
8.800,8.72503E0,7.93401E-5,-0.779,1.220,1.440,-9.78360E-3,0.015,0.018
8.900,8.85727E0,8.35728E-5,-0.652,1.165,-0.436,-8.18587E-3,0.015,-0.005
9.000,8.96943E0,8.57811E-5,-0.583,0.932,-0.820,-7.31797E-3,0.012,-0.010
9.100,9.27577E0,8.51370E-5,-0.481,0.919,-0.279,-6.03585E-3,0.012,-0.004
9.200,9.36616E0,8.11804E-5,-0.391,0.974,0.009,-4.91152E-3,0.012,1.096E-4
9.300,9.51933E0,7.74078E-5,-0.292,0.956,-0.244,-3.66885E-3,0.012,-0.003
9.400,9.75703E0,8.78055E-5,-0.187,0.901,-0.262,-2.34727E-3,0.011,-0.003
9.500,9.87505E0,9.46146E-5,-0.112,0.846,0.100,-1.40047E-3,0.011,0.001
9.600,1.00776E+1,8.94617E-5,-0.031,0.927,0.410,-3.94500E-4,0.012,0.005
9.700,1.01747E+1,9.43385E-5,0.060,0.990,0.401,7.49550E-4,0.012,0.005
9.800,1.04216E+1,1.00872E-4,0.198,1.003,0.166,2.48535E-3,0.013,0.002
9.900,1.04651E+1,1.05748E-4,0.253,1.011,-0.192,3.17573E-3,0.013,-0.002
10.000,1.08141E+1,1.01700E-4,0.377,1.005,-1.052,4.73400E-3,0.013,-0.013
10.100,1.08468E+1,9.46146E-5,0.487,0.872,-2.190,6.11475E-3,0.011,-0.028
10.200,1.10108E+1,1.02804E-4,0.567,0.511,-2.766,7.12073E-3,0.006,-0.035
10.300,1.11121E+1,9.84792E-5,0.586,0.191,-2.265,7.35743E-3,0.002,-0.028
10.400,1.10468E+1,1.04000E-4,0.584,0.026,-1.174,7.33770E-3,3.287E-4,-0.015
10.500,1.11196E+1,1.06208E-4,0.584,-0.003,-0.362,7.33770E-3,-3.287E-5,-0.005
10.600,1.10878E+1,9.48906E-5,0.584,0.000,-0.039,7.33770E-3,0.000,-4.931E-4
10.700,1.11833E+1,9.98594E-5,0.584,0.000,0.009,7.33770E-3,0.000,1.096E-4
10.800,1.11188E+1,1.06576E-4,0.584,0.000,0.013,7.33770E-3,0.000,1.644E-4
10.900,1.11096E+1,1.05656E-4,0.584,0.003,0.166,7.33770E-3,3.287E-5,0.002
11.000,1.10920E+1,1.02988E-4,0.584,0.005,0.720,7.33770E-3,6.575E-5,0.009
11.100,1.11138E+1,8.98298E-5,0.586,0.094,1.654,7.35743E-3,0.001,0.021
11.200,1.10954E+1,8.57811E-5,0.586,0.340,2.574,7.35743E-3,0.004,0.032
11.300,1.11975E+1,9.81111E-5,0.639,0.660,2.832,8.02808E-3,0.008,0.036
11.400,1.12879E+1,1.02528E-4,0.735,0.984,2.251,9.23130E-3,0.012,0.028
11.500,1.15239E+1,1.02804E-4,0.833,1.149,1.217,1.04543E-2,0.014,0.015
11.600,1.17566E+1,1.16330E-4,0.983,1.202,0.244,1.23479E-2,0.015,0.003
11.700,1.20462E+1,1.01148E-4,1.081,1.173,-0.196,1.35708E-2,0.015,-0.002
11.800,1.21742E+1,1.05196E-4,1.208,1.107,-0.100,1.51685E-2,0.014,-0.001
11.900,1.23006E+1,1.13570E-4,1.312,1.126,0.262,1.64704E-2,0.014,0.003
12.000,1.25994E+1,1.15318E-4,1.417,1.189,0.209,1.77920E-2,0.015,0.003
12.100,1.27995E+1,1.16514E-4,1.547,1.249,-0.781,1.94291E-2,0.016,-0.010
12.200,1.30581E+1,1.15962E-4,1.685,1.110,-2.295,2.11649E-2,0.014,-0.029
12.300,1.33100E+1,1.20379E-4,1.792,0.736,-3.272,2.25062E-2,0.009,-0.041
12.400,1.34322E+1,1.17894E-4,1.838,0.325,-2.963,2.30783E-2,0.004,-0.037
12.500,1.34197E+1,1.21667E-4,1.836,0.071,-1.772,2.30585E-2,8.876E-4,-0.022
12.600,1.33201E+1,1.18814E-4,1.836,-0.003,-0.659,2.30585E-2,-3.287E-5,-0.008
12.700,1.34071E+1,1.23967E-4,1.836,0.000,-0.113,2.30585E-2,0.000,-0.001
12.800,1.34197E+1,1.21575E-4,1.836,0.000,0.004,2.30585E-2,0.000,5.479E-5
12.900,1.33912E+1,1.19367E-4,1.836,0.000,0.004,2.30585E-2,0.000,5.479E-5
13.000,1.33711E+1,1.23691E-4,1.836,0.000,0.013,2.30585E-2,0.000,1.644E-4
13.100,1.34213E+1,1.16790E-4,1.836,0.003,0.358,2.30585E-2,3.288E-5,0.004
13.200,1.34289E+1,1.28016E-4,1.836,0.005,1.230,2.30585E-2,6.575E-5,0.015
13.300,1.34155E+1,1.20839E-4,1.838,0.209,2.103,2.30783E-2,0.003,0.026
13.400,1.33067E+1,1.24795E-4,1.838,0.531,2.147,2.30783E-2,0.007,0.027
13.500,1.36314E+1,1.23599E-4,1.960,0.738,1.409,2.46168E-2,0.009,0.018
13.600,1.38256E+1,1.26452E-4,2.033,0.764,0.956,2.55242E-2,0.010,0.012
13.700,1.37687E+1,1.21943E-4,2.086,0.822,1.100,2.61948E-2,0.010,0.014
13.800,1.39947E+1,1.20839E-4,2.171,1.021,1.200,2.72600E-2,0.013,0.015
13.900,1.42684E+1,1.26268E-4,2.315,1.141,0.877,2.90747E-2,0.014,0.011
14.000,1.44743E+1,1.26268E-4,2.416,1.165,0.502,3.03371E-2,0.015,0.006
14.100,1.46701E+1,1.34457E-4,2.526,1.204,0.297,3.17178E-2,0.015,0.004
14.200,1.48584E+1,1.32433E-4,2.659,1.259,0.057,3.33944E-2,0.016,7.123E-4
14.300,1.51246E+1,1.35101E-4,2.794,1.225,-0.148,3.50908E-2,0.015,-0.002
14.400,1.53590E+1,1.39794E-4,2.903,1.178,-0.166,3.64518E-2,0.015,-0.002
14.500,1.54770E+1,1.42830E-4,3.018,1.196,-0.467,3.78917E-2,0.015,-0.006
14.600,1.56737E+1,1.40530E-4,3.143,1.189,-1.562,3.94697E-2,0.015,-0.020
14.700,1.59591E+1,1.39518E-4,3.272,0.935,-2.915,4.10872E-2,0.012,-0.037
14.800,1.59892E+1,1.42646E-4,3.362,0.503,-3.329,4.22115E-2,0.006,-0.042
14.900,1.60118E+1,1.42830E-4,3.360,0.134,-2.400,4.21918E-2,0.002,-0.030
15.000,1.60152E+1,1.45223E-4,3.357,-0.008,-1.034,4.21523E-2,-9.862E-5,-0.013
15.100,1.60193E+1,1.33537E-4,3.357,0.005,-0.179,4.21523E-2,6.575E-5,-0.002
15.200,1.60076E+1,1.31605E-4,3.360,0.010,0.026,4.21918E-2,1.315E-4,3.287E-4
15.300,1.61248E+1,1.43842E-4,3.360,0.008,0.284,4.21918E-2,9.862E-5,0.004
15.400,1.59582E+1,1.42922E-4,3.360,0.005,1.143,4.21918E-2,6.575E-5,0.014
15.500,1.59683E+1,1.35837E-4,3.362,0.181,2.116,4.22115E-2,0.002,0.027
15.600,1.60085E+1,1.44026E-4,3.362,0.524,2.055,4.22115E-2,0.007,0.026
15.700,1.62068E+1,1.47247E-4,3.467,0.759,0.511,4.35331E-2,0.010,0.006
15.800,1.63006E+1,1.42646E-4,3.569,0.660,-1.152,4.48152E-2,0.008,-0.014
15.900,1.63918E+1,1.48259E-4,3.610,0.351,-1.187,4.53281E-2,0.004,-0.015
16.000,1.63190E+1,1.46511E-4,3.614,0.241,0.297,4.53872E-2,0.003,0.004
16.100,1.63876E+1,1.56448E-4,3.632,0.466,1.558,4.56042E-2,0.006,0.020
16.200,1.64362E+1,1.47707E-4,3.691,0.723,1.353,4.63538E-2,0.009,0.017
16.300,1.66186E+1,1.49271E-4,3.812,0.804,0.161,4.78726E-2,0.010,0.002
16.400,1.67383E+1,1.41358E-4,3.867,0.715,-0.720,4.85630E-2,0.009,-0.009
16.500,1.69015E+1,1.43198E-4,3.938,0.571,-0.803,4.94506E-2,0.007,-0.010
16.600,1.69861E+1,1.43382E-4,3.995,0.524,-0.380,5.01607E-2,0.007,-0.005
16.700,1.70078E+1,1.42370E-4,4.028,0.513,0.175,5.05749E-2,0.006,0.002
16.800,1.70455E+1,1.44763E-4,4.092,0.545,0.585,5.13836E-2,0.007,0.007
16.900,1.71267E+1,1.48167E-4,4.148,0.654,0.593,5.20937E-2,0.008,0.007
17.000,1.71091E+1,1.55896E-4,4.200,0.733,-0.096,5.27447E-2,0.009,-0.001
17.100,1.72288E+1,1.60037E-4,4.312,0.681,-1.130,5.41451E-2,0.009,-0.014
17.200,1.73577E+1,1.53320E-4,4.368,0.461,-1.549,5.48552E-2,0.006,-0.019
17.300,1.74112E+1,1.50744E-4,4.389,0.249,-0.929,5.51117E-2,0.003,-0.012
17.400,1.73769E+1,1.57001E-4,4.400,0.236,0.105,5.52497E-2,0.003,0.001
17.500,1.74138E+1,1.50652E-4,4.430,0.348,0.563,5.56245E-2,0.004,0.007
17.600,1.75058E+1,1.45867E-4,4.469,0.424,0.266,5.61176E-2,0.005,0.003
17.700,1.75544E+1,1.53320E-4,4.529,0.398,-0.240,5.68672E-2,0.005,-0.003
17.800,1.75075E+1,1.50007E-4,4.555,0.346,-0.502,5.72025E-2,0.004,-0.006
17.900,1.75912E+1,1.44303E-4,4.582,0.283,-0.519,5.75378E-2,0.004,-0.007
18.000,1.76104E+1,1.48351E-4,4.623,0.238,-0.449,5.80507E-2,0.003,-0.006
18.100,1.75661E+1,1.53688E-4,4.631,0.194,-0.367,5.81493E-2,0.002,-0.005
18.200,1.76213E+1,1.48811E-4,4.650,0.165,-0.380,5.83860E-2,0.002,-0.005
18.300,1.76481E+1,1.52860E-4,4.672,0.136,-0.458,5.86622E-2,0.002,-0.006
18.400,1.75326E+1,1.56633E-4,4.681,0.068,-0.484,5.87805E-2,8.548E-4,-0.006
18.500,1.76489E+1,1.47615E-4,4.681,0.016,-0.362,5.87805E-2,1.972E-4,-0.005
18.600,1.76757E+1,1.53872E-4,4.681,-0.005,-0.161,5.87805E-2,-6.575E-5,-0.002
18.700,1.76665E+1,1.58381E-4,4.681,-0.008,-0.026,5.87805E-2,-9.863E-5,-3.288E-4
18.800,1.77059E+1,1.46051E-4,4.678,-0.005,0.026,5.87411E-2,-6.575E-5,3.288E-4
18.900,1.76556E+1,1.61509E-4,4.679,0.000,0.026,5.87608E-2,0.000,3.288E-4
19.000,1.76372E+1,1.50928E-4,4.679,0.003,0.004,5.87608E-2,3.288E-5,5.479E-5
19.100,1.76556E+1,1.61233E-4,4.679,0.000,-0.017,5.87608E-2,0.000,-2.192E-4
19.200,1.77059E+1,1.53964E-4,4.679,-0.003,-0.022,5.87608E-2,-3.288E-5,-2.740E-4
19.300,1.77050E+1,1.52032E-4,4.679,-0.005,-0.009,5.87608E-2,-6.575E-5,-1.096E-4
19.400,1.76088E+1,1.50099E-4,4.678,-0.005,0.009,5.87411E-2,-6.575E-5,1.096E-4
19.500,1.76540E+1,1.59393E-4,4.678,-0.003,0.017,5.87411E-2,-3.287E-5,2.192E-4
19.600,1.76791E+1,1.47431E-4,4.678,0.000,0.013,5.87411E-2,0.000,1.644E-4
19.700,1.77937E+1,1.50652E-4,4.678,0.000,0.004,5.87411E-2,0.000,5.479E-5
19.800,1.76582E+1,1.52308E-4,4.678,0.000,0.000,5.87411E-2,0.000,0.000
19.900,1.75828E+1,1.61141E-4,4.678,0.000,0.000,5.87411E-2,0.000,0.000
20.000,1.76757E+1,1.62061E-4,4.678,0.000,0.004,5.87411E-2,0.000,5.479E-5
20.100,1.76540E+1,1.63534E-4,4.678,0.000,0.009,5.87411E-2,0.000,1.096E-4
20.200,1.76364E+1,1.50652E-4,4.678,0.003,0.004,5.87411E-2,3.287E-5,5.479E-5
20.300,1.77377E+1,1.58749E-4,4.678,0.003,-0.009,5.87411E-2,3.287E-5,-1.096E-4
20.400,1.76473E+1,1.54976E-4,4.679,0.000,-0.017,5.87608E-2,0.000,-2.192E-4
20.500,1.76908E+1,1.58105E-4,4.678,-0.003,-0.009,5.87411E-2,-3.287E-5,-1.096E-4
20.600,1.75979E+1,1.57001E-4,4.678,-0.003,-3.903E-17,5.87411E-2,-3.287E-5,-5.829E-17
20.700,1.77176E+1,1.50928E-4,4.678,0.000,-0.004,5.87411E-2,0.000,-5.479E-5
20.800,1.76004E+1,1.49087E-4,4.678,-0.003,-0.153,5.87411E-2,-3.288E-5,-0.002
20.900,1.77109E+1,1.54424E-4,4.678,-0.005,-0.611,5.87411E-2,-6.575E-5,-0.008
21.000,1.76230E+1,1.56448E-4,4.676,-0.089,-1.204,5.87213E-2,-0.001,-0.015
21.100,1.76322E+1,1.58105E-4,4.676,-0.280,-1.374,5.87213E-2,-0.004,-0.017
21.200,1.75619E+1,1.61417E-4,4.626,-0.450,-0.807,5.80901E-2,-0.006,-0.010
21.300,1.75159E+1,1.52492E-4,4.560,-0.469,0.031,5.72617E-2,-0.006,3.835E-4
21.400,1.74154E+1,1.54148E-4,4.522,-0.385,0.497,5.67883E-2,-0.005,0.006
21.500,1.75368E+1,1.52584E-4,4.499,-0.327,0.528,5.64924E-2,-0.004,0.007
21.600,1.74380E+1,1.57093E-4,4.456,-0.293,0.410,5.59598E-2,-0.004,0.005
21.700,1.73660E+1,1.50744E-4,4.430,-0.243,0.231,5.56245E-2,-0.003,0.003
21.800,1.73920E+1,1.51204E-4,4.416,-0.223,2.776E-16,5.54470E-2,-0.003,-1.670E-16
21.900,1.73610E+1,1.55804E-4,4.394,-0.259,-0.188,5.51708E-2,-0.003,-0.002
22.000,1.73016E+1,1.55068E-4,4.359,-0.278,-0.380,5.47369E-2,-0.003,-0.005
22.100,1.73342E+1,1.51572E-4,4.331,-0.301,-0.746,5.43818E-2,-0.004,-0.009
22.200,1.73058E+1,1.51388E-4,4.312,-0.408,-1.191,5.41451E-2,-0.005,-0.015
22.300,1.72757E+1,1.48627E-4,4.260,-0.576,-1.392,5.34942E-2,-0.007,-0.017
22.400,1.71601E+1,1.48903E-4,4.185,-0.717,-1.261,5.25474E-2,-0.009,-0.016
22.500,1.71158E+1,1.42186E-4,4.112,-0.827,-0.816,5.16401E-2,-0.010,-0.010
22.600,1.70932E+1,1.52400E-4,4.029,-0.914,0.079,5.05946E-2,-0.011,9.862E-4
22.700,1.69350E+1,1.44487E-4,3.919,-0.869,1.335,4.92139E-2,-0.011,0.017
22.800,1.67358E+1,1.52584E-4,3.830,-0.628,2.291,4.80896E-2,-0.008,0.029
22.900,1.67341E+1,1.55528E-4,3.790,-0.312,2.308,4.75964E-2,-0.004,0.029
23.000,1.66588E+1,1.47707E-4,3.781,-0.097,1.540,4.74781E-2,-0.001,0.019
23.100,1.67082E+1,1.47431E-4,3.781,-0.016,0.681,4.74781E-2,-1.972E-4,0.009
23.200,1.67676E+1,1.46879E-4,3.781,0.000,0.188,4.74781E-2,0.000,0.002
23.300,1.67408E+1,1.52308E-4,3.781,0.000,0.026,4.74781E-2,0.000,3.287E-4
23.400,1.66847E+1,1.53044E-4,3.781,0.000,0.000,4.74781E-2,0.000,0.000
23.500,1.67090E+1,1.42554E-4,3.781,0.000,0.000,4.74781E-2,0.000,0.000
23.600,1.66856E+1,1.57277E-4,3.781,0.000,0.000,4.74781E-2,0.000,0.000
23.700,1.67517E+1,1.53228E-4,3.781,0.000,0.000,4.74781E-2,0.000,0.000
23.800,1.67475E+1,1.48259E-4,3.781,0.000,0.000,4.74781E-2,0.000,0.000
23.900,1.67417E+1,1.50099E-4,3.781,0.000,0.009,4.74781E-2,0.000,1.096E-4
24.000,1.67684E+1,1.46235E-4,3.781,0.000,0.026,4.74781E-2,0.000,3.287E-4
24.100,1.67241E+1,1.51480E-4,3.781,0.005,0.035,4.74781E-2,6.575E-5,4.383E-4
24.200,1.67266E+1,1.51664E-4,3.781,0.010,0.009,4.74781E-2,1.315E-4,1.096E-4
24.300,1.66513E+1,1.50652E-4,3.784,0.010,-0.031,4.75175E-2,1.315E-4,-3.835E-4
24.400,1.67015E+1,1.57185E-4,3.784,0.000,-0.044,4.75175E-2,0.000,-5.479E-4
24.500,1.67659E+1,1.53044E-4,3.784,-0.003,-0.031,4.75175E-2,-3.288E-5,-3.835E-4
24.600,1.67525E+1,1.53872E-4,3.781,-0.003,-0.100,4.74781E-2,-3.288E-5,-0.001
24.700,1.67400E+1,1.64730E-4,3.786,-0.005,-0.458,4.75373E-2,-6.575E-5,-0.006
24.800,1.66203E+1,1.60129E-4,3.781,-0.058,-1.209,4.74781E-2,-7.232E-4,-0.015
24.900,1.67048E+1,1.60589E-4,3.781,-0.223,-2.116,4.74781E-2,-0.003,-0.027
25.000,1.66036E+1,1.59853E-4,3.751,-0.511,-2.561,4.71033E-2,-0.006,-0.032
25.100,1.64303E+1,1.57461E-4,3.682,-0.822,-1.885,4.62354E-2,-0.010,-0.024
25.200,1.64554E+1,1.53136E-4,3.574,-0.995,-0.100,4.48744E-2,-0.012,-0.001
25.300,1.62194E+1,1.55988E-4,3.465,-0.869,1.841,4.35134E-2,-0.011,0.023
25.400,1.60754E+1,1.53780E-4,3.371,-0.524,2.766,4.23299E-2,-0.007,0.035
25.500,1.60219E+1,1.51020E-4,3.363,-0.188,2.295,4.22312E-2,-0.002,0.029
25.600,1.60737E+1,1.51020E-4,3.362,-0.016,1.187,4.22115E-2,-1.972E-4,0.015
25.700,1.61181E+1,1.55528E-4,3.362,0.000,0.336,4.22115E-2,0.000,0.004
25.800,1.61223E+1,1.55436E-4,3.363,0.000,0.017,4.22312E-2,0.000,2.192E-4
25.900,1.61683E+1,1.58105E-4,3.362,-0.003,-0.035,4.22115E-2,-3.288E-5,-4.383E-4
26.000,1.60905E+1,1.59301E-4,3.362,-0.003,-0.092,4.22115E-2,-3.288E-5,-0.001
26.100,1.61039E+1,1.57185E-4,3.362,-0.018,-0.183,4.22115E-2,-2.301E-4,-0.002
26.200,1.61809E+1,1.49179E-4,3.362,-0.039,-0.314,4.22115E-2,-4.931E-4,-0.004
26.300,1.60637E+1,1.63442E-4,3.351,-0.076,-0.428,4.20734E-2,-9.534E-4,-0.005
26.400,1.60712E+1,1.56909E-4,3.349,-0.134,-0.497,4.20537E-2,-0.002,-0.006
26.500,1.61558E+1,1.52584E-4,3.329,-0.181,-0.537,4.17973E-2,-0.002,-0.007
26.600,1.59967E+1,1.59117E-4,3.303,-0.233,-0.572,4.14817E-2,-0.003,-0.007
26.700,1.60085E+1,1.48903E-4,3.288,-0.298,-0.519,4.12844E-2,-0.004,-0.007
26.800,1.59549E+1,1.47983E-4,3.250,-0.359,-0.305,4.08110E-2,-0.005,-0.004
26.900,1.58176E+1,1.51480E-4,3.203,-0.367,-0.079,4.02193E-2,-0.005,-9.863E-4
27.000,1.58444E+1,1.57829E-4,3.173,-0.348,-0.004,3.98445E-2,-0.004,-5.479E-5
27.100,1.57155E+1,1.55620E-4,3.145,-0.356,-0.035,3.94895E-2,-0.004,-4.383E-4
27.200,1.56151E+1,1.51572E-4,3.099,-0.372,-0.017,3.89174E-2,-0.005,-2.192E-4
27.300,1.54510E+1,1.46143E-4,3.063,-0.364,0.057,3.84638E-2,-0.005,7.123E-4
27.400,1.55264E+1,1.46787E-4,3.032,-0.351,0.153,3.80693E-2,-0.004,0.002
27.500,1.54803E+1,1.46051E-4,2.994,-0.343,0.109,3.75959E-2,-0.004,0.001
27.600,1.54184E+1,1.56172E-4,2.958,-0.301,-0.301,3.71422E-2,-0.004,-0.004
27.700,1.54284E+1,1.42922E-4,2.931,-0.348,-1.008,3.68069E-2,-0.004,-0.013
27.800,1.53707E+1,1.60497E-4,2.914,-0.526,-1.580,3.65899E-2,-0.007,-0.020
27.900,1.51572E+1,1.50652E-4,2.829,-0.723,-1.409,3.55247E-2,-0.009,-0.018
28.000,1.50694E+1,1.55160E-4,2.744,-0.874,-0.436,3.44596E-2,-0.011,-0.005
28.100,1.49806E+1,1.43106E-4,2.667,-0.846,0.829,3.34931E-2,-0.011,0.010
28.200,1.48191E+1,1.45867E-4,2.551,-0.665,1.571,3.20334E-2,-0.008,0.020
28.300,1.45697E+1,1.42830E-4,2.515,-0.435,1.086,3.15797E-2,-0.005,0.014
28.400,1.45228E+1,1.40530E-4,2.498,-0.343,-0.201,3.13628E-2,-0.004,-0.003
28.500,1.45128E+1,1.36297E-4,2.460,-0.516,-1.052,3.08894E-2,-0.006,-0.013
28.600,1.44559E+1,1.43658E-4,2.400,-0.704,-0.620,3.01398E-2,-0.009,-0.008
28.700,1.43512E+1,1.31512E-4,2.303,-0.704,0.559,2.89169E-2,-0.009,0.007
28.800,1.41646E+1,1.32157E-4,2.232,-0.526,1.073,2.80292E-2,-0.007,0.013
28.900,1.42140E+1,1.38690E-4,2.205,-0.359,0.497,2.76939E-2,-0.005,0.006
29.000,1.40449E+1,1.33169E-4,2.182,-0.406,-0.257,2.73980E-2,-0.005,-0.003
29.100,1.38624E+1,1.39426E-4,2.138,-0.526,-0.166,2.68457E-2,-0.007,-0.002
29.200,1.38022E+1,1.38322E-4,2.056,-0.513,0.681,2.58200E-2,-0.006,0.009
29.300,1.38181E+1,1.37493E-4,2.015,-0.351,1.296,2.53072E-2,-0.004,0.016
29.400,1.37628E+1,1.23691E-4,1.996,-0.173,1.213,2.50705E-2,-0.002,0.015
29.500,1.38030E+1,1.37954E-4,1.987,-0.089,0.759,2.49521E-2,-0.001,0.010
29.600,1.37051E+1,1.38506E-4,1.981,-0.047,0.393,2.48732E-2,-5.918E-4,0.005
29.700,1.36674E+1,1.40990E-4,1.978,-0.021,0.218,2.48338E-2,-2.630E-4,0.003
29.800,1.37436E+1,1.34273E-4,1.978,-0.005,0.113,2.48338E-2,-6.575E-5,0.001
29.900,1.37679E+1,1.36573E-4,1.978,0.000,0.044,2.48338E-2,0.000,5.479E-4
30.000,1.37536E+1,1.38414E-4,1.978,0.000,0.009,2.48338E-2,0.000,1.096E-4
30.100,1.37319E+1,1.46787E-4,1.978,0.000,0.000,2.48338E-2,0.000,0.000
30.200,1.36867E+1,1.42738E-4,1.978,0.000,-0.074,2.48338E-2,0.000,-9.315E-4
30.300,1.37268E+1,1.32341E-4,1.978,0.000,-0.332,2.48338E-2,0.000,-0.004
30.400,1.37545E+1,1.38874E-4,1.978,-0.045,-0.676,2.48338E-2,-5.589E-4,-0.008
30.500,1.36917E+1,1.35377E-4,1.978,-0.154,-0.798,2.48338E-2,-0.002,-0.010
30.600,1.37285E+1,1.24427E-4,1.951,-0.251,-0.567,2.44985E-2,-0.003,-0.007
30.700,1.35779E+1,1.29856E-4,1.912,-0.272,-0.305,2.40053E-2,-0.003,-0.004
30.800,1.35653E+1,1.35837E-4,1.893,-0.267,-0.288,2.37686E-2,-0.003,-0.004
30.900,1.34933E+1,1.34549E-4,1.872,-0.322,-0.314,2.35122E-2,-0.004,-0.004
31.000,1.33619E+1,1.30224E-4,1.830,-0.374,-0.135,2.29796E-2,-0.005,-0.002
31.100,1.32096E+1,1.29948E-4,1.781,-0.353,0.118,2.23682E-2,-0.004,0.001
31.200,1.33159E+1,1.31973E-4,1.759,-0.317,0.127,2.20920E-2,-0.004,0.002
31.300,1.32104E+1,1.34917E-4,1.731,-0.309,-0.135,2.17370E-2,-0.004,-0.002
31.400,1.31736E+1,1.24335E-4,1.690,-0.343,-0.445,2.12241E-2,-0.004,-0.006
31.500,1.31075E+1,1.23231E-4,1.665,-0.408,-0.598,2.09085E-2,-0.005,-0.008
31.600,1.30162E+1,1.34273E-4,1.619,-0.484,-0.432,2.03365E-2,-0.006,-0.005
31.700,1.29325E+1,1.21575E-4,1.557,-0.526,-0.057,1.95475E-2,-0.007,-7.123E-4
31.800,1.27233E+1,1.16790E-4,1.508,-0.484,0.131,1.89360E-2,-0.006,0.002
31.900,1.28062E+1,1.15778E-4,1.461,-0.442,-0.087,1.83443E-2,-0.006,-0.001
32.000,1.26739E+1,1.24979E-4,1.425,-0.490,-0.349,1.78906E-2,-0.006,-0.004
32.100,1.26304E+1,1.25071E-4,1.374,-0.573,-0.061,1.72594E-2,-0.007,-7.671E-4
32.200,1.24329E+1,1.33721E-4,1.301,-0.563,0.759,1.63323E-2,-0.007,0.010
32.300,1.23391E+1,1.17342E-4,1.241,-0.406,1.436,1.55828E-2,-0.005,0.018
32.400,1.22780E+1,1.17066E-4,1.221,-0.202,1.440,1.53263E-2,-0.003,0.018
32.500,1.22630E+1,1.21483E-4,1.211,-0.073,0.925,1.52080E-2,-9.205E-4,0.012
32.600,1.23467E+1,1.14490E-4,1.210,-0.031,0.393,1.51883E-2,-3.945E-4,0.005
32.700,1.23006E+1,1.16514E-4,1.208,-0.021,0.118,1.51685E-2,-2.630E-4,0.001
32.800,1.22479E+1,1.19367E-4,1.205,-0.018,-0.057,1.51291E-2,-2.301E-4,-7.123E-4
32.900,1.22378E+1,1.14674E-4,1.203,-0.016,-0.388,1.51094E-2,-1.973E-4,-0.005
33.000,1.21993E+1,1.13110E-4,1.203,-0.071,-0.842,1.51094E-2,-8.876E-4,-0.011
33.100,1.22245E+1,1.12741E-4,1.200,-0.202,-1.108,1.50699E-2,-0.003,-0.014
33.200,1.21826E+1,1.17894E-4,1.166,-0.338,-0.899,1.46360E-2,-0.004,-0.011
33.300,1.21115E+1,1.14582E-4,1.120,-0.414,-0.327,1.40639E-2,-0.005,-0.004
33.400,1.20663E+1,1.14858E-4,1.081,-0.398,0.244,1.35708E-2,-0.005,0.003
33.500,1.19332E+1,1.09797E-4,1.037,-0.338,0.593,1.30185E-2,-0.004,0.007
33.600,1.18244E+1,1.20287E-4,1.010,-0.267,0.711,1.26832E-2,-0.003,0.009
33.700,1.17758E+1,1.04000E-4,0.988,-0.188,0.711,1.24070E-2,-0.002,0.009
33.800,1.17608E+1,1.13662E-4,0.969,-0.120,0.633,1.21703E-2,-0.002,0.008
33.900,1.17549E+1,1.14582E-4,0.964,-0.058,0.476,1.21112E-2,-7.233E-4,0.006
34.000,1.17072E+1,1.14950E-4,0.961,-0.018,0.288,1.20717E-2,-2.301E-4,0.004
34.100,1.18277E+1,1.13754E-4,0.961,-0.005,0.096,1.20717E-2,-6.575E-5,0.001
34.200,1.17491E+1,1.15318E-4,0.961,0.000,-0.179,1.20717E-2,0.000,-0.002
34.300,1.18520E+1,1.21851E-4,0.961,-0.018,-0.633,1.20717E-2,-2.301E-4,-0.008
34.400,1.17817E+1,1.14398E-4,0.961,-0.113,-1.139,1.20717E-2,-0.001,-0.014
34.500,1.18394E+1,1.12465E-4,0.950,-0.272,-1.361,1.19336E-2,-0.003,-0.017
34.600,1.16553E+1,1.05656E-4,0.905,-0.429,-1.113,1.13616E-2,-0.005,-0.014
34.700,1.15515E+1,1.07037E-4,0.855,-0.518,-0.554,1.07304E-2,-0.007,-0.007
34.800,1.15189E+1,1.12189E-4,0.800,-0.534,0.031,1.00400E-2,-0.007,3.835E-4
34.900,1.14310E+1,1.06392E-4,0.745,-0.500,0.432,9.34965E-3,-0.006,0.005
35.000,1.12937E+1,1.05472E-4,0.694,-0.429,0.519,8.71845E-3,-0.005,0.007
35.100,1.12929E+1,1.09981E-4,0.660,-0.364,0.305,8.28450E-3,-0.005,0.004
35.200,1.11749E+1,1.02896E-4,0.627,-0.359,-0.022,7.87028E-3,-0.005,-2.740E-4
35.300,1.11180E+1,1.05932E-4,0.594,-0.387,-0.192,7.45605E-3,-0.005,-0.002
35.400,1.09857E+1,1.11545E-4,0.545,-0.419,-0.113,6.84458E-3,-0.005,-0.001
35.500,1.10058E+1,1.02252E-4,0.509,-0.419,0.105,6.39090E-3,-0.005,0.001
35.600,1.08685E+1,9.54427E-5,0.460,-0.395,0.349,5.77943E-3,-0.005,0.004
35.700,1.07639E+1,1.03908E-4,0.427,-0.348,0.471,5.36520E-3,-0.004,0.006
35.800,1.06961E+1,9.36024E-5,0.390,-0.280,0.410,4.89180E-3,-0.004,0.005
35.900,1.06200E+1,9.02899E-5,0.371,-0.251,0.070,4.65510E-3,-0.003,8.767E-4
36.000,1.05965E+1,1.02620E-4,0.349,-0.246,-0.580,4.37895E-3,-0.003,-0.007
36.100,1.05563E+1,9.75590E-5,0.317,-0.340,-1.270,3.98445E-3,-0.004,-0.016
36.200,1.05103E+1,9.46146E-5,0.295,-0.539,-1.374,3.70830E-3,-0.007,-0.017
36.300,1.03823E+1,8.91857E-5,0.220,-0.720,-0.441,2.76150E-3,-0.009,-0.006
36.400,1.02709E+1,9.96754E-5,0.123,-0.691,0.916,1.53855E-3,-0.009,0.012
36.500,1.01596E+1,9.62708E-5,0.058,-0.453,1.580,7.29825E-4,-0.006,0.020
36.600,1.00994E+1,9.11180E-5,0.042,-0.257,1.239,5.32575E-4,-0.003,0.016
36.700,1.02082E+1,9.82031E-5,0.028,-0.207,0.620,3.55050E-4,-0.003,0.008
36.800,1.00734E+1,9.63628E-5,-0.002,-0.194,0.340,-1.97250E-5,-0.002,0.004
36.900,9.96460E0,9.47986E-5,-0.022,-0.144,0.218,-2.76150E-4,-0.002,0.003
37.000,1.00391E+1,9.91233E-5,-0.024,-0.115,-0.087,-2.95875E-4,-0.001,-0.001
37.100,1.00784E+1,1.00135E-4,-0.036,-0.154,-0.436,-4.53675E-4,-0.002,-0.005
37.200,1.00383E+1,9.95834E-5,-0.057,-0.236,-0.506,-7.10100E-4,-0.003,-0.006
37.300,1.00341E+1,1.01148E-4,-0.082,-0.285,-0.271,-1.02570E-3,-0.004,-0.003
37.400,9.83905E0,8.28367E-5,-0.119,-0.288,-0.026,-1.49910E-3,-0.004,-3.287E-4
37.500,9.84575E0,1.00504E-4,-0.145,-0.264,-0.031,-1.81470E-3,-0.003,-3.835E-4
37.600,9.84659E0,1.02988E-4,-0.167,-0.272,-0.209,-2.09085E-3,-0.003,-0.003
37.700,9.82232E0,9.49826E-5,-0.193,-0.319,-0.345,-2.42617E-3,-0.004,-0.004
37.800,9.69677E0,9.40625E-5,-0.234,-0.359,-0.358,-2.93902E-3,-0.005,-0.004
37.900,9.62060E0,9.24062E-5,-0.269,-0.385,-0.292,-3.37297E-3,-0.005,-0.004
38.000,9.55281E0,8.18245E-5,-0.306,-0.421,-0.144,-3.84637E-3,-0.005,-0.002
38.100,9.45823E0,8.43089E-5,-0.352,-0.432,-0.017,-4.41840E-3,-0.005,-2.192E-4
38.200,9.40633E0,8.26526E-5,-0.404,-0.398,-0.170,-5.06932E-3,-0.005,-0.002
38.300,9.32347E0,8.09964E-5,-0.430,-0.419,-0.550,-5.40465E-3,-0.005,-0.007
38.400,9.29250E0,7.84200E-5,-0.467,-0.537,-0.515,-5.85832E-3,-0.007,-0.006
38.500,9.10586E0,9.10260E-5,-0.540,-0.623,0.336,-6.78540E-3,-0.008,0.004
38.600,9.06401E0,8.68853E-5,-0.616,-0.503,1.414,-7.73220E-3,-0.006,0.018
38.700,8.90080E0,7.31751E-5,-0.655,-0.251,1.780,-8.22532E-3,-0.003,0.022
38.800,8.99956E0,8.25606E-5,-0.653,-0.060,1.261,-8.20560E-3,-7.561E-4,0.016
38.900,8.92674E0,8.33888E-5,-0.653,0.003,0.519,-8.20560E-3,3.288E-5,0.007
39.000,8.85895E0,7.99842E-5,-0.653,0.000,0.096,-8.20560E-3,0.000,0.001
39.100,8.92088E0,7.73158E-5,-0.653,0.000,-0.004,-8.20560E-3,0.000,-5.479E-5
39.200,8.90749E0,8.15485E-5,-0.653,0.000,0.000,-8.20560E-3,0.000,0.000
39.300,8.96022E0,7.42793E-5,-0.653,0.000,-0.113,-8.20560E-3,0.000,-0.001
39.400,8.98617E0,8.92777E-5,-0.653,0.000,-0.916,-8.20560E-3,0.000,-0.012
39.500,8.90666E0,8.13644E-5,-0.653,-0.068,-2.422,-8.20560E-3,-8.548E-4,-0.030
39.600,8.92758E0,8.62412E-5,-0.653,-0.482,-3.251,-8.20560E-3,-0.006,-0.041
39.700,8.87485E0,7.74998E-5,-0.694,-0.971,-2.086,-8.71845E-3,-0.012,-0.026
39.800,8.62961E0,7.80519E-5,-0.902,-1.047,0.244,-1.13221E-2,-0.013,0.003
39.900,8.39358E0,6.84824E-5,-0.988,-0.754,1.401,-1.24070E-2,-0.009,0.018
40.000,8.31156E0,8.09044E-5,-0.988,-0.552,0.842,-1.24070E-2,-0.007,0.011
40.100,8.30068E0,8.07203E-5,-1.060,-0.626,-0.013,-1.33144E-2,-0.008,-1.644E-4
40.200,8.15756E0,7.60276E-5,-1.161,-0.670,-0.358,-1.45768E-2,-0.008,-0.004
40.300,8.12240E0,8.55971E-5,-1.191,-0.644,-0.554,-1.49515E-2,-0.008,-0.007
40.400,7.98263E0,8.33888E-5,-1.260,-0.749,-0.942,-1.58194E-2,-0.009,-0.012
40.500,7.86210E0,7.33591E-5,-1.348,-0.880,-1.335,-1.69240E-2,-0.011,-0.017
40.600,7.76585E0,7.77759E-5,-1.453,-1.000,-1.518,-1.82456E-2,-0.013,-0.019
40.700,7.73321E0,7.97082E-5,-1.525,-1.194,-1.392,-1.91530E-2,-0.015,-0.017
40.800,7.36410E0,7.63956E-5,-1.682,-1.346,-0.873,-2.11255E-2,-0.017,-0.011
40.900,7.20339E0,7.87880E-5,-1.835,-1.369,-0.489,-2.30388E-2,-0.017,-0.006
41.000,7.00001E0,6.93105E-5,-1.951,-1.348,-0.397,-2.44984E-2,-0.017,-0.005
41.100,6.83345E0,7.10588E-5,-2.078,-1.484,0.305,-2.60962E-2,-0.019,0.004
41.200,6.57482E0,5.98330E-5,-2.248,-1.469,2.134,-2.82265E-2,-0.018,0.027
41.300,6.37897E0,5.95569E-5,-2.428,-1.066,3.936,-3.04948E-2,-0.013,0.049
41.400,6.40491E0,4.74110E-5,-2.482,-0.487,3.923,-3.11655E-2,-0.006,0.049
41.500,6.36809E0,5.62444E-5,-2.483,-0.105,1.806,-3.11852E-2,-0.001,0.023
41.600,6.40491E0,4.37304E-5,-2.485,-0.076,-1.038,-3.12049E-2,-9.534E-4,-0.013
41.700,6.30280E0,4.78710E-5,-2.488,-0.393,-2.810,-3.12444E-2,-0.005,-0.035
41.800,6.35888E0,4.36384E-5,-2.523,-0.822,-2.649,-3.16783E-2,-0.010,-0.033
41.900,5.99228E0,4.84231E-5,-2.681,-1.045,-1.126,-3.36706E-2,-0.013,-0.014
42.000,5.98558E0,4.94353E-5,-2.785,-1.013,0.223,-3.49724E-2,-0.013,0.003
42.100,5.96550E0,5.01714E-5,-2.853,-0.877,0.650,-3.58206E-2,-0.011,0.008
42.200,5.84664E0,4.13380E-5,-2.959,-0.856,0.541,-3.71619E-2,-0.011,0.007
42.300,5.76797E0,5.05395E-5,-3.033,-0.812,0.502,-3.80890E-2,-0.010,0.006
42.400,5.67172E0,5.03554E-5,-3.118,-0.754,0.794,-3.91541E-2,-0.009,0.010
42.500,5.58969E0,5.92809E-5,-3.181,-0.678,1.248,-3.99431E-2,-0.009,0.016
42.600,5.56542E0,5.35760E-5,-3.264,-0.513,1.684,-4.09885E-2,-0.006,0.021
42.700,5.49930E0,5.50482E-5,-3.294,-0.304,1.728,-4.13633E-2,-0.004,0.022
42.800,5.51604E0,5.60604E-5,-3.313,-0.118,1.296,-4.16000E-2,-0.001,0.016
42.900,5.50683E0,4.75950E-5,-3.314,-0.037,0.698,-4.16197E-2,-4.602E-4,0.009
43.000,5.42229E0,4.98034E-5,-3.314,-0.003,0.257,-4.16197E-2,-3.287E-5,0.003
43.100,5.48423E0,4.20741E-5,-3.314,0.000,0.065,-4.16197E-2,0.000,8.219E-4
43.200,5.50850E0,4.86072E-5,-3.314,0.000,0.004,-4.16197E-2,0.000,5.479E-5
43.300,5.55370E0,4.88832E-5,-3.314,0.000,0.004,-4.16197E-2,0.000,5.479E-5
43.400,5.53529E0,4.49266E-5,-3.314,0.000,0.013,-4.16197E-2,0.000,1.644E-4
43.500,5.44991E0,4.70429E-5,-3.314,0.003,0.022,-4.16197E-2,3.287E-5,2.740E-4
43.600,5.51101E0,5.02634E-5,-3.314,0.005,0.506,-4.16197E-2,6.575E-5,0.006
43.700,5.42481E0,5.23798E-5,-3.313,0.008,1.684,-4.16000E-2,9.862E-5,0.021
43.800,5.39970E0,4.58467E-5,-3.313,0.298,2.906,-4.16000E-2,0.004,0.036
43.900,5.47000E0,4.77790E-5,-3.311,0.720,3.028,-4.15803E-2,0.009,0.038
44.000,5.65916E0,4.74110E-5,-3.137,1.037,1.772,-3.93908E-2,0.013,0.022
44.100,5.69348E0,4.85152E-5,-3.057,1.086,0.410,-3.83848E-2,0.014,0.005
44.200,5.83242E0,4.89752E-5,-2.945,0.995,-0.310,-3.69844E-2,0.012,-0.004
44.300,5.94708E0,5.45881E-5,-2.851,1.008,-0.218,-3.58009E-2,0.013,-0.003
44.400,6.06677E0,5.33919E-5,-2.746,0.929,0.380,-3.44793E-2,0.012,0.005
44.500,6.14545E0,5.38520E-5,-2.652,1.021,1.187,-3.32958E-2,0.013,0.015
44.600,6.26848E0,5.25638E-5,-2.587,1.210,1.702,-3.24871E-2,0.015,0.021
44.700,6.41328E0,5.46801E-5,-2.397,1.440,1.200,-3.01003E-2,0.018,0.015
44.800,6.62755E0,5.64284E-5,-2.275,1.532,0.218,-2.85618E-2,0.019,0.003
44.900,6.92552E0,6.62740E-5,-2.100,1.419,-0.572,-2.63723E-2,0.018,-0.007
45.000,7.05776E0,6.56299E-5,-1.965,1.361,-0.838,-2.46760E-2,0.017,-0.011
45.100,7.19921E0,6.51698E-5,-1.855,1.267,-0.750,-2.32952E-2,0.016,-0.009
45.200,7.52731E0,6.76542E-5,-1.703,1.181,-0.833,-2.13819E-2,0.015,-0.010
45.300,7.60096E0,7.10588E-5,-1.602,1.149,-1.353,-2.01195E-2,0.014,-0.017
45.400,7.66792E0,6.98626E-5,-1.510,0.979,-2.369,-1.89557E-2,0.012,-0.030
45.500,7.99937E0,7.90641E-5,-1.359,0.657,-3.129,-1.70621E-2,0.008,-0.039
45.600,7.92320E0,6.96786E-5,-1.359,0.251,-2.727,-1.70621E-2,0.003,-0.034
45.700,7.91148E0,6.79303E-5,-1.359,0.000,-1.514,-1.70621E-2,0.000,-0.019
45.800,7.93743E0,7.21630E-5,-1.359,0.000,-0.419,-1.70621E-2,0.000,-0.005
45.900,7.89139E0,6.71942E-5,-1.359,0.000,0.127,-1.70621E-2,0.000,0.002
46.000,7.85875E0,6.45257E-5,-1.359,0.000,0.620,-1.70621E-2,0.000,0.008
46.100,7.92320E0,7.22550E-5,-1.359,0.076,1.588,-1.70621E-2,9.534E-4,0.020
46.200,7.80853E0,7.63956E-5,-1.359,0.296,2.457,-1.70621E-2,0.004,0.031
46.300,8.02113E0,6.89424E-5,-1.313,0.657,2.430,-1.64901E-2,0.008,0.031
46.400,8.09143E0,6.96786E-5,-1.227,0.893,1.693,-1.54052E-2,0.011,0.021
46.500,8.31156E0,7.34512E-5,-1.096,0.937,1.244,-1.37680E-2,0.012,0.016
46.600,8.38605E0,9.48906E-5,-1.040,1.031,1.418,-1.30579E-2,0.013,0.018
46.700,8.58525E0,7.48314E-5,-0.938,1.264,1.283,-1.17758E-2,0.016,0.016
46.800,8.79450E0,8.44009E-5,-0.767,1.416,0.432,-9.62580E-3,0.018,0.005
46.900,8.92758E0,9.17621E-5,-0.611,1.322,-0.135,-7.67302E-3,0.017,-0.002
47.000,9.19039E0,9.41545E-5,-0.517,1.233,0.118,-6.48952E-3,0.015,0.001
47.100,9.39713E0,8.83576E-5,-0.394,1.367,0.074,-4.95097E-3,0.017,9.315E-4
47.200,9.58378E0,9.78351E-5,-0.243,1.443,-1.344,-3.05737E-3,0.018,-0.017
47.300,9.89932E0,1.05472E-4,-0.064,1.157,-3.294,-8.08725E-4,0.015,-0.041
47.400,1.01939E+1,9.63628E-5,0.019,0.636,-3.962,2.36700E-4,0.008,-0.050
47.500,1.01462E+1,9.63628E-5,0.038,0.196,-2.950,4.73400E-4,0.002,-0.037
47.600,1.01312E+1,1.01884E-4,0.036,0.026,-1.392,4.53675E-4,3.288E-4,-0.017
47.700,1.01253E+1,8.44009E-5,0.036,-0.003,-0.367,4.53675E-4,-3.287E-5,-0.005
47.800,1.01211E+1,8.98298E-5,0.036,0.000,-0.026,4.53675E-4,0.000,-3.288E-4
47.900,1.01178E+1,8.83576E-5,0.036,0.003,0.022,4.53675E-4,3.288E-5,2.740E-4
48.000,1.01471E+1,8.56891E-5,0.036,0.005,0.113,4.53675E-4,6.575E-5,0.001
48.100,1.01010E+1,9.40625E-5,0.038,0.005,0.742,4.73400E-4,6.575E-5,0.009
48.200,1.01713E+1,9.40625E-5,0.038,0.065,1.859,4.73400E-4,8.219E-4,0.023
48.300,1.00868E+1,9.46146E-5,0.038,0.387,2.601,4.73400E-4,0.005,0.033
48.400,1.01462E+1,9.47066E-5,0.075,0.738,2.199,9.46800E-4,0.009,0.028
48.500,1.03864E+1,9.55347E-5,0.232,0.893,1.038,2.91930E-3,0.011,0.013
48.600,1.04978E+1,9.71910E-5,0.286,0.880,0.524,3.58995E-3,0.011,0.007
48.700,1.07179E+1,1.01148E-4,0.363,0.869,0.720,4.55648E-3,0.011,0.009
48.800,1.08091E+1,9.72830E-5,0.473,1.076,0.646,5.93723E-3,0.014,0.008
48.900,1.09916E+1,9.67309E-5,0.567,1.128,-0.052,7.12073E-3,0.014,-6.575E-4
49.000,1.13515E+1,1.02436E-4,0.727,1.008,-0.663,9.13268E-3,0.013,-0.008
49.100,1.14251E+1,1.01424E-4,0.785,0.906,-0.310,9.86250E-3,0.011,-0.004
49.200,1.15607E+1,1.04460E-4,0.859,0.901,0.397,1.07896E-2,0.011,0.005
49.300,1.17164E+1,1.09705E-4,0.979,1.050,0.672,1.22887E-2,0.013,0.008
49.400,1.18763E+1,1.13386E-4,1.074,1.102,0.367,1.34919E-2,0.014,0.005
49.500,1.21943E+1,1.15962E-4,1.200,1.107,-0.463,1.50699E-2,0.014,-0.006
49.600,1.23785E+1,1.24059E-4,1.299,1.063,-1.588,1.63126E-2,0.013,-0.020
49.700,1.26296E+1,1.17526E-4,1.418,0.812,-2.675,1.78117E-2,0.010,-0.034
49.800,1.27174E+1,1.19459E-4,1.494,0.445,-2.928,1.87585E-2,0.006,-0.037
49.900,1.28179E+1,1.31697E-4,1.492,0.120,-2.099,1.87388E-2,0.002,-0.026
50.000,1.27618E+1,1.23323E-4,1.492,-0.003,-0.942,1.87388E-2,-3.287E-5,-0.012
50.100,1.27015E+1,1.24335E-4,1.492,0.000,-0.196,1.87388E-2,0.000,-0.002
50.200,1.28087E+1,1.27648E-4,1.492,0.000,0.004,1.87388E-2,0.000,5.479E-5
50.300,1.27911E+1,1.26912E-4,1.492,0.000,0.004,1.87388E-2,0.000,5.479E-5
50.400,1.26823E+1,1.31144E-4,1.492,0.000,0.013,1.87388E-2,0.000,1.644E-4
50.500,1.27970E+1,1.30132E-4,1.492,0.003,0.035,1.87388E-2,3.287E-5,4.383E-4
50.600,1.27024E+1,1.26912E-4,1.492,0.005,0.384,1.87388E-2,6.575E-5,0.005
50.700,1.27492E+1,1.26912E-4,1.494,0.016,1.348,1.87585E-2,1.973E-4,0.017
50.800,1.27693E+1,1.16974E-4,1.494,0.217,2.553,1.87585E-2,0.003,0.032
50.900,1.27534E+1,1.22219E-4,1.500,0.600,3.094,1.88374E-2,0.008,0.039
51.000,1.30296E+1,1.19735E-4,1.616,0.953,2.531,2.02970E-2,0.012,0.032
51.100,1.32196E+1,1.21943E-4,1.731,1.136,1.383,2.17370E-2,0.014,0.017
51.200,1.34389E+1,1.33353E-4,1.835,1.199,0.209,2.30388E-2,0.015,0.003
51.300,1.36030E+1,1.39426E-4,1.963,1.183,-0.768,2.46563E-2,0.015,-0.010
51.400,1.38507E+1,1.32065E-4,2.103,1.031,-1.230,2.64118E-2,0.013,-0.015
51.500,1.38808E+1,1.43750E-4,2.172,0.843,-0.724,2.72797E-2,0.011,-0.009
51.600,1.40934E+1,1.41910E-4,2.245,0.801,0.227,2.81870E-2,0.010,0.003
51.700,1.42207E+1,1.42370E-4,2.328,0.979,0.292,2.92325E-2,0.012,0.004
51.800,1.43571E+1,1.40990E-4,2.428,1.031,-1.034,3.04949E-2,0.013,-0.013
51.900,1.46986E+1,1.36757E-4,2.576,0.788,-2.631,3.23490E-2,0.010,-0.033
52.000,1.47848E+1,1.49455E-4,2.615,0.372,-2.937,3.28421E-2,0.005,-0.037
52.100,1.47630E+1,1.42830E-4,2.614,0.060,-1.933,3.28224E-2,7.561E-4,-0.024
52.200,1.47530E+1,1.45223E-4,2.614,-0.003,-0.702,3.28224E-2,-3.288E-5,-0.009
52.300,1.47471E+1,1.40898E-4,2.614,0.003,-0.065,3.28224E-2,3.288E-5,-8.219E-4
52.400,1.47747E+1,1.41910E-4,2.614,0.008,0.497,3.28224E-2,9.862E-5,0.006
52.500,1.48124E+1,1.43842E-4,2.615,0.010,1.741,3.28421E-2,1.315E-4,0.022
52.600,1.47865E+1,1.49547E-4,2.617,0.288,3.146,3.28619E-2,0.004,0.040
52.700,1.47890E+1,1.52400E-4,2.617,0.767,3.434,3.28619E-2,0.010,0.043
52.800,1.51054E+1,1.50284E-4,2.785,1.139,2.077,3.49724E-2,0.014,0.026
52.900,1.52594E+1,1.45683E-4,2.908,1.220,0.380,3.65110E-2,0.015,0.005
53.000,1.54845E+1,1.44671E-4,3.010,1.081,-0.489,3.77931E-2,0.014,-0.006
53.100,1.57164E+1,1.64638E-4,3.124,1.052,-0.576,3.92330E-2,0.013,-0.007
53.200,1.58369E+1,1.57737E-4,3.217,1.013,-0.524,4.03968E-2,0.013,-0.007
53.300,1.60578E+1,1.56541E-4,3.332,0.942,-0.720,4.18367E-2,0.012,-0.009
53.400,1.60838E+1,1.50560E-4,3.410,0.877,-1.100,4.28230E-2,0.011,-0.014
53.500,1.62872E+1,1.49915E-4,3.497,0.757,-1.710,4.39079E-2,0.010,-0.021
53.600,1.64788E+1,1.54608E-4,3.578,0.539,-2.203,4.49336E-2,0.007,-0.028
53.700,1.64721E+1,1.53964E-4,3.618,0.254,-2.059,4.54267E-2,0.003,-0.026
53.800,1.64336E+1,1.54608E-4,3.613,0.058,-1.305,4.53675E-2,7.232E-4,-0.016
53.900,1.64370E+1,1.55436E-4,3.614,0.003,-0.502,4.53872E-2,3.287E-5,-0.006
54.000,1.64713E+1,1.47707E-4,3.616,0.008,-0.096,4.54070E-2,9.862E-5,-0.001
54.100,1.64613E+1,1.46235E-4,3.616,0.003,-0.017,4.54070E-2,3.288E-5,-2.192E-4
54.200,1.64579E+1,1.45867E-4,3.616,0.000,-0.017,4.54070E-2,0.000,-2.192E-4
54.300,1.64362E+1,1.58933E-4,3.616,0.000,7.402E-15,4.54070E-2,0.000,-5.782E-17
54.400,1.64663E+1,1.57277E-4,3.616,0.000,0.013,4.54070E-2,0.000,1.644E-4
54.500,1.64069E+1,1.50928E-4,3.616,0.003,0.017,4.54070E-2,3.287E-5,2.192E-4
54.600,1.64713E+1,1.63166E-4,3.616,0.005,0.157,4.54070E-2,6.575E-5,0.002
54.700,1.64621E+1,1.63350E-4,3.618,0.005,0.855,4.54267E-2,6.575E-5,0.011
54.800,1.64345E+1,1.62982E-4,3.618,0.092,2.081,4.54267E-2,0.001,0.026
54.900,1.63968E+1,1.59945E-4,3.618,0.429,2.880,4.54267E-2,0.005,0.036
55.000,1.64504E+1,1.64362E-4,3.671,0.830,2.203,4.60973E-2,0.010,0.028
55.100,1.67191E+1,1.62982E-4,3.822,0.995,0.489,4.79909E-2,0.012,0.006
55.200,1.68639E+1,1.58841E-4,3.911,0.848,-0.646,4.91153E-2,0.011,-0.008
55.300,1.69601E+1,1.58013E-4,3.974,0.704,-0.729,4.99043E-2,0.009,-0.009
55.400,1.70011E+1,1.55436E-4,4.028,0.733,-0.672,5.05749E-2,0.009,-0.008
55.500,1.71928E+1,1.61877E-4,4.128,0.673,-0.812,5.18373E-2,0.008,-0.010
55.600,1.71484E+1,1.65006E-4,4.197,0.476,-0.528,5.27052E-2,0.006,-0.007
55.700,1.72840E+1,1.63994E-4,4.208,0.474,0.214,5.28433E-2,0.006,0.003
55.800,1.72949E+1,1.62890E-4,4.233,0.615,0.532,5.31589E-2,0.008,0.007
55.900,1.73744E+1,1.58013E-4,4.376,0.662,0.179,5.49539E-2,0.008,0.002
56.000,1.73845E+1,1.63534E-4,4.398,0.607,-3.497E-14,5.52300E-2,0.008,-4.250E-16
56.100,1.74757E+1,1.61877E-4,4.441,0.589,0.057,5.57626E-2,0.007,7.123E-4
56.200,1.74732E+1,1.53964E-4,4.533,0.689,-0.161,5.69264E-2,0.009,-0.002
56.300,1.75962E+1,1.58565E-4,4.595,0.615,-0.676,5.76956E-2,0.008,-0.008
56.400,1.76431E+1,1.62798E-4,4.657,0.484,-1.086,5.84846E-2,0.006,-0.014
56.500,1.77025E+1,1.53780E-4,4.686,0.387,-1.161,5.88397E-2,0.005,-0.015
56.600,1.76967E+1,1.53044E-4,4.733,0.264,-1.174,5.94314E-2,0.003,-0.015
56.700,1.77050E+1,1.51940E-4,4.752,0.139,-1.043,5.96681E-2,0.002,-0.013
56.800,1.76556E+1,1.56356E-4,4.750,0.029,-0.676,5.96484E-2,3.616E-4,-0.008
56.900,1.75870E+1,1.59761E-4,4.752,-0.003,-0.275,5.96681E-2,-3.288E-5,-0.003
57.000,1.77427E+1,1.56909E-4,4.750,0.000,-0.026,5.96484E-2,0.000,-3.288E-4
57.100,1.77000E+1,1.62153E-4,4.750,0.003,0.031,5.96484E-2,3.288E-5,3.835E-4
57.200,1.76130E+1,1.60681E-4,4.752,0.008,0.310,5.96681E-2,9.862E-5,0.004
57.300,1.76816E+1,1.58381E-4,4.752,0.008,1.056,5.96681E-2,9.862E-5,0.013
57.400,1.76657E+1,1.61877E-4,4.753,0.181,1.697,5.96879E-2,0.002,0.021
57.500,1.76866E+1,1.67030E-4,4.753,0.463,1.296,5.96879E-2,0.006,0.016
57.600,1.77033E+1,1.73563E-4,4.858,0.571,-0.231,6.10094E-2,0.007,-0.003
57.700,1.77912E+1,1.60037E-4,4.924,0.395,-1.540,6.18379E-2,0.005,-0.019
57.800,1.78113E+1,1.61601E-4,4.924,0.110,-1.610,6.18379E-2,0.001,-0.020
57.900,1.77109E+1,1.66478E-4,4.924,0.000,-0.842,6.18379E-2,0.000,-0.011
58.000,1.77368E+1,1.61785E-4,4.924,0.000,-0.183,6.18379E-2,0.000,-0.002
58.100,1.77519E+1,1.50652E-4,4.924,0.000,0.000,6.18379E-2,0.000,0.000
58.200,1.78113E+1,1.51572E-4,4.924,0.000,0.000,6.18379E-2,0.000,0.000
58.300,1.78088E+1,1.57277E-4,4.924,0.000,0.000,6.18379E-2,0.000,0.000
58.400,1.77661E+1,1.58565E-4,4.924,0.000,0.000,6.18379E-2,0.000,0.000
58.500,1.78306E+1,1.51848E-4,4.924,0.000,0.000,6.18379E-2,0.000,0.000
58.600,1.77854E+1,1.59761E-4,4.924,0.000,0.000,6.18379E-2,0.000,0.000
58.700,1.77678E+1,1.62245E-4,4.924,0.000,0.000,6.18379E-2,0.000,0.000
58.800,1.77753E+1,1.62705E-4,4.924,0.000,0.000,6.18379E-2,0.000,0.000
58.900,1.77912E+1,1.53780E-4,4.924,0.000,0.000,6.18379E-2,0.000,0.000
59.000,1.77845E+1,1.60957E-4,4.924,0.000,0.000,6.18379E-2,0.000,0.000
59.100,1.77335E+1,1.57185E-4,4.924,0.000,0.000,6.18379E-2,0.000,0.000
59.200,1.77527E+1,1.60497E-4,4.924,0.000,0.000,6.18379E-2,0.000,0.000
59.300,1.77971E+1,1.59117E-4,4.924,0.000,0.000,6.18379E-2,0.000,0.000
59.400,1.77820E+1,1.57093E-4,4.924,0.000,0.000,6.18379E-2,0.000,0.000
59.500,1.77912E+1,1.65282E-4,4.924,0.000,0.000,6.18379E-2,0.000,0.000
59.600,1.77879E+1,1.59117E-4,4.924,0.000,0.000,6.18379E-2,0.000,0.000
59.700,1.78481E+1,1.59853E-4,4.924,0.000,0.000,6.18379E-2,0.000,0.000
59.800,1.79210E+1,1.70803E-4,4.924,0.000,0.000,6.18379E-2,0.000,0.000
59.900,1.78431E+1,1.69239E-4,4.924,0.000,0.000,6.18379E-2,0.000,0.000
60.000,1.77963E+1,1.71815E-4,4.924,0.000,0.000,6.18379E-2,0.000,0.000
60.100,1.77887E+1,1.67490E-4,4.924,0.000,0.000,6.18379E-2,0.000,0.000
60.200,1.78348E+1,1.67950E-4,4.924,0.000,0.000,6.18379E-2,0.000,0.000
60.300,1.78389E+1,1.67950E-4,4.924,0.000,0.000,6.18379E-2,0.000,0.000
60.400,1.78565E+1,1.63534E-4,4.924,0.000,0.000,6.18379E-2,0.000,0.000
60.500,1.77636E+1,1.66938E-4,4.924,0.000,0.000,6.18379E-2,0.000,0.000
60.600,1.77996E+1,1.69055E-4,4.924,0.000,0.000,6.18379E-2,0.000,0.000
60.700,1.78004E+1,1.66478E-4,4.924,0.000,0.000,6.18379E-2,0.000,0.000
60.800,1.77912E+1,1.65282E-4,4.924,0.000,0.000,6.18379E-2,0.000,0.000
60.900,1.78766E+1,1.63350E-4,4.924,0.000,0.000,6.18379E-2,0.000,0.000
61.000,1.79009E+1,1.64822E-4,4.924,0.000,0.000,6.18379E-2,0.000,0.000
61.100,1.77193E+1,1.66478E-4,4.924,0.000,0.000,6.18379E-2,0.000,0.000
61.200,1.77259E+1,1.75127E-4,4.924,0.000,0.000,6.18379E-2,0.000,0.000
61.300,1.77904E+1,1.67674E-4,4.924,0.000,0.000,6.18379E-2,0.000,0.000
61.400,1.77971E+1,1.63074E-4,4.924,0.000,0.000,6.18379E-2,0.000,0.000
61.500,1.78423E+1,1.64270E-4,4.924,0.000,0.000,6.18379E-2,0.000,0.000
61.600,1.77352E+1,1.70619E-4,4.924,0.000,0.000,6.18379E-2,0.000,0.000
61.700,1.78272E+1,1.64454E-4,4.924,0.000,0.000,6.18379E-2,0.000,0.000
61.800,1.77167E+1,1.64822E-4,4.924,0.000,0.000,6.18379E-2,0.000,0.000
61.900,1.77929E+1,1.69607E-4,4.924,0.000,0.000,6.18379E-2,0.000,0.000
62.000,1.77703E+1,1.64638E-4,4.924,0.000,0.000,6.18379E-2,0.000,0.000
62.100,1.77804E+1,1.63534E-4,4.924,0.000,0.000,6.18379E-2,0.000,0.000
62.200,1.77854E+1,1.64638E-4,4.924,0.000,0.000,6.18379E-2,0.000,0.000
62.300,1.78741E+1,1.66386E-4,4.924,0.000,0.000,6.18379E-2,0.000,0.000
62.400,1.78356E+1,1.67950E-4,4.924,0.000,0.000,6.18379E-2,0.000,0.000
62.500,1.78657E+1,1.63534E-4,4.924,0.000,0.000,6.18379E-2,0.000,0.000
62.600,1.77536E+1,1.64454E-4,4.924,0.000,0.000,6.18379E-2,0.000,0.000
62.700,1.78331E+1,1.67214E-4,4.924,0.000,0.000,6.18379E-2,0.000,0.000
62.800,1.76724E+1,1.68778E-4,4.924,0.000,0.000,6.18379E-2,0.000,0.000
62.900,1.77778E+1,1.54332E-4,4.924,0.000,0.000,6.18379E-2,0.000,0.000
63.000,1.77025E+1,1.56817E-4,4.924,0.000,0.000,6.18379E-2,0.000,0.000
63.100,1.77820E+1,1.66110E-4,4.924,0.000,0.000,6.18379E-2,0.000,0.000
63.200,1.78515E+1,1.75312E-4,4.924,0.000,0.000,6.18379E-2,0.000,0.000
63.300,1.77996E+1,1.63534E-4,4.924,0.000,-0.004,6.18379E-2,0.000,-5.479E-5
63.400,1.78557E+1,1.67950E-4,4.924,0.000,-0.017,6.18379E-2,0.000,-2.192E-4
63.500,1.78130E+1,1.75220E-4,4.924,-0.003,-0.031,6.18379E-2,-3.287E-5,-3.835E-4
63.600,1.76874E+1,1.71815E-4,4.924,-0.008,-0.144,6.18379E-2,-9.862E-5,-0.002
63.700,1.78013E+1,1.72091E-4,4.923,-0.010,-0.463,6.18182E-2,-1.315E-4,-0.006
63.800,1.77653E+1,1.69239E-4,4.921,-0.079,-0.798,6.17984E-2,-9.862E-4,-0.010
63.900,1.78322E+1,1.64730E-4,4.921,-0.209,-0.742,6.17984E-2,-0.003,-0.009
64.000,1.78230E+1,1.66570E-4,4.879,-0.288,-0.161,6.12659E-2,-0.004,-0.002
64.100,1.76891E+1,1.61601E-4,4.840,-0.246,0.445,6.07727E-2,-0.003,0.006
64.200,1.76874E+1,1.68778E-4,4.830,-0.139,0.580,6.06544E-2,-0.002,0.007
64.300,1.77259E+1,1.64822E-4,4.822,-0.092,0.345,6.05558E-2,-0.001,0.004
64.400,1.77929E+1,1.61601E-4,4.813,-0.094,0.131,6.04374E-2,-0.001,0.002
64.500,1.76648E+1,1.55344E-4,4.802,-0.084,0.070,6.02993E-2,-0.001,8.767E-4
64.600,1.77653E+1,1.67306E-4,4.794,-0.068,-0.004,6.02007E-2,-8.548E-4,-5.479E-5
64.700,1.77042E+1,1.67122E-4,4.791,-0.076,-0.157,6.01613E-2,-9.534E-4,-0.002
64.800,1.77762E+1,1.66846E-4,4.783,-0.105,-0.288,6.00626E-2,-0.001,-0.004
64.900,1.76029E+1,1.75864E-4,4.767,-0.141,-0.327,5.98654E-2,-0.002,-0.004
65.000,1.77000E+1,1.65190E-4,4.755,-0.175,-0.279,5.97076E-2,-0.002,-0.004
65.100,1.77268E+1,1.68594E-4,4.734,-0.202,-0.157,5.94512E-2,-0.003,-0.002
65.200,1.76305E+1,1.64270E-4,4.711,-0.212,0.004,5.91553E-2,-0.003,5.479E-5
65.300,1.76498E+1,1.70435E-4,4.690,-0.199,0.157,5.88989E-2,-0.002,0.002
65.400,1.76782E+1,1.63626E-4,4.672,-0.175,0.227,5.86622E-2,-0.002,0.003
65.500,1.77050E+1,1.59669E-4,4.654,-0.144,0.148,5.84452E-2,-0.002,0.002
65.600,1.75862E+1,1.67122E-4,4.642,-0.131,-0.070,5.82874E-2,-0.002,-8.767E-4
65.700,1.75770E+1,1.53228E-4,4.634,-0.154,-0.301,5.81888E-2,-0.002,-0.004
65.800,1.76247E+1,1.57645E-4,4.613,-0.207,-0.393,5.79323E-2,-0.003,-0.005
65.900,1.75385E+1,1.54332E-4,4.590,-0.249,-0.375,5.76365E-2,-0.003,-0.005
66.000,1.76104E+1,1.64638E-4,4.562,-0.272,-0.358,5.72814E-2,-0.003,-0.004
66.100,1.76096E+1,1.68686E-4,4.536,-0.314,-0.380,5.69658E-2,-0.004,-0.005
66.200,1.75351E+1,1.65742E-4,4.503,-0.356,-0.367,5.65516E-2,-0.004,-0.005
66.300,1.75945E+1,1.71355E-4,4.459,-0.393,-0.327,5.59993E-2,-0.005,-0.004
66.400,1.74497E+1,1.62613E-4,4.425,-0.414,-0.423,5.55653E-2,-0.005,-0.005
66.500,1.73711E+1,1.61233E-4,4.379,-0.453,-0.716,5.49933E-2,-0.006,-0.009
66.600,1.72999E+1,1.74851E-4,4.335,-0.550,-0.956,5.44410E-2,-0.007,-0.012
66.700,1.71618E+1,1.66570E-4,4.277,-0.686,-0.681,5.37112E-2,-0.009,-0.009
66.800,1.71484E+1,1.56356E-4,4.197,-0.754,0.140,5.27052E-2,-0.009,0.002
66.900,1.70547E+1,1.73931E-4,4.106,-0.657,0.908,5.15612E-2,-0.008,0.011
67.000,1.70405E+1,1.62245E-4,4.054,-0.495,1.012,5.09102E-2,-0.006,0.013
67.100,1.70095E+1,1.71999E-4,4.026,-0.401,0.532,5.05552E-2,-0.005,0.007
67.200,1.69576E+1,1.81292E-4,3.980,-0.403,0.118,4.99832E-2,-0.005,0.001
67.300,1.69199E+1,1.63258E-4,3.940,-0.429,0.170,4.94703E-2,-0.005,0.002
67.400,1.67693E+1,1.55160E-4,3.899,-0.395,0.541,4.89575E-2,-0.005,0.007
67.500,1.67542E+1,1.53320E-4,3.850,-0.306,0.759,4.83460E-2,-0.004,0.010
67.600,1.66387E+1,1.63810E-4,3.833,-0.202,0.515,4.81290E-2,-0.003,0.006
67.700,1.67609E+1,1.65190E-4,3.822,-0.168,-1.388E-15,4.79909E-2,-0.002,-7.806E-17
67.800,1.66638E+1,1.57093E-4,3.806,-0.225,-0.388,4.77937E-2,-0.003,-0.005
67.900,1.65868E+1,1.66570E-4,3.776,-0.283,-0.436,4.74189E-2,-0.004,-0.005
68.000,1.65600E+1,1.60129E-4,3.743,-0.319,-0.292,4.70047E-2,-0.004,-0.004
68.100,1.65098E+1,1.73655E-4,3.715,-0.335,-0.236,4.66496E-2,-0.004,-0.003
68.200,1.64705E+1,1.58381E-4,3.676,-0.348,-0.327,4.61565E-2,-0.004,-0.004
68.300,1.65190E+1,1.56356E-4,3.643,-0.395,-0.489,4.57423E-2,-0.005,-0.006
68.400,1.65625E+1,1.70895E-4,3.607,-0.456,-0.519,4.52886E-2,-0.006,-0.007
68.500,1.64445E+1,1.53320E-4,3.547,-0.521,-0.297,4.45391E-2,-0.007,-0.004
68.600,1.62813E+1,1.75127E-4,3.498,-0.534,0.087,4.39276E-2,-0.007,0.001
68.700,1.62713E+1,1.62982E-4,3.438,-0.495,0.436,4.31780E-2,-0.006,0.005
68.800,1.61206E+1,1.68502E-4,3.394,-0.429,0.580,4.26257E-2,-0.005,0.007
68.900,1.61022E+1,1.65374E-4,3.354,-0.364,0.554,4.21129E-2,-0.005,0.007
69.000,1.60453E+1,1.57093E-4,3.325,-0.317,0.423,4.17578E-2,-0.004,0.005
69.100,1.60378E+1,1.50744E-4,3.289,-0.275,0.092,4.13042E-2,-0.003,0.001
69.200,1.59423E+1,1.48167E-4,3.269,-0.264,-0.532,4.10477E-2,-0.003,-0.007
69.300,1.58536E+1,1.41726E-4,3.245,-0.361,-1.130,4.07519E-2,-0.005,-0.014
69.400,1.57917E+1,1.39610E-4,3.211,-0.550,-1.047,4.03179E-2,-0.007,-0.013
69.500,1.57348E+1,1.57645E-4,3.131,-0.668,-0.048,3.93119E-2,-0.008,-6.027E-4
69.600,1.56352E+1,1.49271E-4,3.054,-0.586,1.200,3.83454E-2,-0.007,0.015
69.700,1.55749E+1,1.48167E-4,3.002,-0.353,1.798,3.76945E-2,-0.004,0.023
69.800,1.55749E+1,1.52584E-4,2.988,-0.144,1.514,3.75170E-2,-0.002,0.019
69.900,1.55808E+1,1.57277E-4,2.985,-0.031,0.842,3.74775E-2,-3.945E-4,0.011
70.000,1.54812E+1,1.51112E-4,2.985,0.000,0.319,3.74775E-2,-3.469E-17,0.004
70.100,1.55791E+1,1.44395E-4,2.986,0.008,0.070,3.74972E-2,9.862E-5,8.767E-4
70.200,1.55506E+1,1.46511E-4,2.986,0.008,-0.017,3.74972E-2,9.862E-5,-2.192E-4
70.300,1.55640E+1,1.52492E-4,2.988,0.003,-0.052,3.75170E-2,3.288E-5,-6.575E-4
70.400,1.55322E+1,1.50652E-4,2.988,-0.005,-0.048,3.75170E-2,-6.575E-5,-6.027E-4
70.500,1.55866E+1,1.48443E-4,2.986,-0.010,-0.013,3.74972E-2,-1.315E-4,-1.644E-4
70.600,1.54837E+1,1.49547E-4,2.985,-0.008,0.022,3.74775E-2,-9.862E-5,2.740E-4
70.700,1.55473E+1,1.46051E-4,2.985,-0.003,0.031,3.74775E-2,-3.287E-5,3.835E-4
70.800,1.55272E+1,1.45867E-4,2.985,0.000,0.017,3.74775E-2,0.000,2.192E-4
70.900,1.54125E+1,1.46695E-4,2.985,0.000,0.004,3.74775E-2,0.000,5.479E-5
71.000,1.54879E+1,1.45039E-4,2.985,0.000,-0.004,3.74775E-2,0.000,-5.479E-5
71.100,1.54619E+1,1.57645E-4,2.985,0.000,-0.026,3.74775E-2,0.000,-3.288E-4
71.200,1.54494E+1,1.52860E-4,2.985,-0.003,-0.127,3.74775E-2,-3.288E-5,-0.002
71.300,1.55171E+1,1.51664E-4,2.985,-0.013,-0.401,3.74775E-2,-1.644E-4,-0.005
71.400,1.54669E+1,1.52584E-4,2.983,-0.063,-0.772,3.74578E-2,-7.890E-4,-0.010
71.500,1.54376E+1,1.45959E-4,2.978,-0.181,-0.942,3.73986E-2,-0.002,-0.012
71.600,1.54678E+1,1.58749E-4,2.953,-0.298,-0.698,3.70830E-2,-0.004,-0.009
71.700,1.54109E+1,1.49547E-4,2.906,-0.343,-0.236,3.64913E-2,-0.004,-0.003
71.800,1.52577E+1,1.52676E-4,2.876,-0.319,0.083,3.61165E-2,-0.004,0.001
71.900,1.52937E+1,1.48811E-4,2.849,-0.301,0.179,3.57812E-2,-0.004,0.002
72.000,1.51815E+1,1.62153E-4,2.818,-0.291,0.166,3.53867E-2,-0.004,0.002
72.100,1.51288E+1,1.52952E-4,2.783,-0.264,0.044,3.49527E-2,-0.003,5.479E-4
72.200,1.51840E+1,1.58749E-4,2.768,-0.257,-0.231,3.47555E-2,-0.003,-0.003
72.300,1.51355E+1,1.59117E-4,2.741,-0.309,-0.449,3.44201E-2,-0.004,-0.006
72.400,1.49848E+1,1.49179E-4,2.706,-0.385,-0.367,3.39862E-2,-0.005,-0.005
72.500,1.48718E+1,1.44947E-4,2.659,-0.406,-0.039,3.33944E-2,-0.005,-4.931E-4
72.600,1.48166E+1,1.48995E-4,2.619,-0.380,0.297,3.28816E-2,-0.005,0.004
72.700,1.47731E+1,1.51296E-4,2.586,-0.338,0.532,3.24674E-2,-0.004,0.007
72.800,1.47162E+1,1.56264E-4,2.553,-0.275,0.681,3.20531E-2,-0.003,0.009
72.900,1.45856E+1,1.50744E-4,2.523,-0.191,0.646,3.16784E-2,-0.002,0.008
73.000,1.47304E+1,1.46971E-4,2.516,-0.118,0.340,3.15995E-2,-0.001,0.004
73.100,1.47195E+1,1.53964E-4,2.507,-0.107,-0.122,3.14811E-2,-0.001,-0.002
73.200,1.47521E+1,1.43290E-4,2.498,-0.154,-0.524,3.13628E-2,-0.002,-0.007
73.300,1.46241E+1,1.45591E-4,2.477,-0.228,-0.733,3.11063E-2,-0.003,-0.009
73.400,1.45086E+1,1.49455E-4,2.454,-0.312,-0.755,3.08105E-2,-0.004,-0.009
73.500,1.45278E+1,1.49271E-4,2.414,-0.390,-0.602,3.03173E-2,-0.005,-0.008
73.600,1.43337E+1,1.52032E-4,2.373,-0.445,-0.323,2.98045E-2,-0.006,-0.004
73.700,1.43211E+1,1.53136E-4,2.323,-0.456,-0.048,2.91733E-2,-0.006,-6.027E-4
73.800,1.41612E+1,1.53504E-4,2.278,-0.440,0.105,2.86013E-2,-0.006,0.001
73.900,1.41704E+1,1.50560E-4,2.237,-0.424,0.157,2.80884E-2,-0.005,0.002
74.000,1.41119E+1,1.41082E-4,2.196,-0.414,0.297,2.75756E-2,-0.005,0.004
74.100,1.40215E+1,1.47983E-4,2.150,-0.387,0.624,2.70035E-2,-0.005,0.008
74.200,1.39729E+1,1.44671E-4,2.116,-0.298,0.973,2.65696E-2,-0.004,0.012
74.300,1.39327E+1,1.47615E-4,2.084,-0.165,1.060,2.61751E-2,-0.002,0.013
74.400,1.38867E+1,1.49179E-4,2.083,-0.052,0.781,2.61554E-2,-6.575E-4,0.010
74.500,1.39001E+1,1.43474E-4,2.084,0.003,0.367,2.61751E-2,3.287E-5,0.005
74.600,1.38691E+1,1.44026E-4,2.084,0.003,0.079,2.61751E-2,3.287E-5,9.863E-4
74.700,1.39277E+1,1.47155E-4,2.084,0.000,-0.122,2.61751E-2,0.000,-0.002
74.800,1.38675E+1,1.45039E-4,2.084,-0.003,-0.611,2.61751E-2,-3.287E-5,-0.008
74.900,1.39687E+1,1.40990E-4,2.084,-0.065,-1.623,2.61751E-2,-8.219E-4,-0.020
75.000,1.38666E+1,1.39886E-4,2.083,-0.298,-2.705,2.61554E-2,-0.004,-0.034
75.100,1.37369E+1,1.40254E-4,2.047,-0.678,-2.932,2.57017E-2,-0.009,-0.037
75.200,1.36507E+1,1.32157E-4,1.943,-1.013,-1.898,2.43998E-2,-0.013,-0.024
75.300,1.33251E+1,1.37862E-4,1.817,-1.110,-0.284,2.28218E-2,-0.014,-0.004
75.400,1.31066E+1,1.39794E-4,1.704,-1.005,0.912,2.14016E-2,-0.013,0.011
75.500,1.30246E+1,1.37677E-4,1.619,-0.856,1.444,2.03365E-2,-0.011,0.018
75.600,1.28647E+1,1.36113E-4,1.538,-0.720,1.745,1.93108E-2,-0.009,0.022
75.700,1.27467E+1,1.28844E-4,1.470,-0.529,1.998,1.84626E-2,-0.007,0.025
75.800,1.26781E+1,1.40622E-4,1.422,-0.285,1.920,1.78511E-2,-0.004,0.024
75.900,1.26722E+1,1.38598E-4,1.418,-0.092,1.348,1.78117E-2,-0.001,0.017
76.000,1.26379E+1,1.33629E-4,1.418,-0.005,0.628,1.78117E-2,-6.575E-5,0.008
76.100,1.26120E+1,1.32249E-4,1.418,0.000,0.166,1.78117E-2,0.000,0.002
76.200,1.25743E+1,1.33537E-4,1.418,0.000,0.022,1.78117E-2,0.000,2.740E-4
76.300,1.27543E+1,1.32341E-4,1.418,0.003,-0.175,1.78117E-2,3.288E-5,-0.002
76.400,1.26865E+1,1.37217E-4,1.418,0.005,-0.890,1.78117E-2,6.575E-5,-0.011
76.500,1.27585E+1,1.33813E-4,1.420,-0.110,-2.134,1.78314E-2,-0.001,-0.027
76.600,1.26337E+1,1.25255E-4,1.420,-0.421,-3.172,1.78314E-2,-0.005,-0.040
76.700,1.25400E+1,1.24887E-4,1.351,-0.851,-2.989,1.69635E-2,-0.011,-0.038
76.800,1.24345E+1,1.27280E-4,1.235,-1.157,-1.449,1.55039E-2,-0.015,-0.018
76.900,1.20889E+1,1.28476E-4,1.095,-1.168,0.484,1.37483E-2,-0.015,0.006
77.000,1.18319E+1,1.17342E-4,0.982,-0.974,1.632,1.23281E-2,-0.012,0.020
77.100,1.16436E+1,1.21575E-4,0.903,-0.744,1.676,1.13419E-2,-0.009,0.021
77.200,1.15775E+1,1.20287E-4,0.842,-0.602,1.161,1.05726E-2,-0.008,0.015
77.300,1.15080E+1,1.11637E-4,0.789,-0.534,0.733,9.90195E-3,-0.007,0.009
77.400,1.13147E+1,1.13018E-4,0.735,-0.487,0.689,9.23130E-3,-0.006,0.009
77.500,1.12921E+1,1.22035E-4,0.690,-0.419,0.921,8.65928E-3,-0.005,0.012
77.600,1.12377E+1,1.32065E-4,0.649,-0.304,1.148,8.14643E-3,-0.004,0.014
77.700,1.12310E+1,1.15410E-4,0.624,-0.165,1.113,7.83083E-3,-0.002,0.014
77.800,1.12452E+1,1.19643E-4,0.619,-0.052,0.781,7.77165E-3,-6.575E-4,0.010
77.900,1.11849E+1,1.21575E-4,0.620,-0.003,0.292,7.79138E-3,-3.287E-5,0.004
78.000,1.12527E+1,1.16882E-4,0.620,0.003,-0.319,7.79138E-3,3.287E-5,-0.004
78.100,1.12644E+1,1.27556E-4,0.620,-0.045,-1.104,7.79138E-3,-5.589E-4,-0.014
78.200,1.11983E+1,1.29580E-4,0.620,-0.202,-1.863,7.79138E-3,-0.003,-0.023
78.300,1.11682E+1,1.23415E-4,0.594,-0.461,-2.051,7.45605E-3,-0.006,-0.026
78.400,1.09079E+1,1.17894E-4,0.526,-0.699,-1.379,6.60788E-3,-0.009,-0.017
78.500,1.08886E+1,1.13938E-4,0.438,-0.778,-0.279,5.50328E-3,-0.010,-0.004
78.600,1.07698E+1,1.23507E-4,0.357,-0.712,0.493,4.47758E-3,-0.009,0.006
78.700,1.06275E+1,1.16238E-4,0.297,-0.615,0.607,3.72803E-3,-0.008,0.008
78.800,1.05605E+1,1.20931E-4,0.240,-0.565,0.266,3.01793E-3,-0.007,0.003
78.900,1.04316E+1,1.19090E-4,0.185,-0.560,-0.083,2.32755E-3,-0.007,-0.001
79.000,1.03371E+1,1.08969E-4,0.129,-0.607,-0.079,1.61745E-3,-0.008,-9.862E-4
79.100,1.02994E+1,1.15594E-4,0.072,-0.623,0.223,9.07350E-4,-0.008,0.003
79.200,1.01688E+1,1.13386E-4,-0.011,-0.550,0.349,-1.38075E-4,-0.007,0.004
79.300,1.00575E+1,1.10809E-4,-0.049,-0.484,0.087,-6.11475E-4,-0.006,0.001
79.400,1.00073E+1,1.03264E-4,-0.080,-0.537,0.022,-1.00597E-3,-0.007,2.740E-4
79.500,9.96460E0,9.69149E-5,-0.149,-0.584,0.672,-1.87387E-3,-0.007,0.008
79.600,9.77796E0,1.02620E-4,-0.232,-0.437,1.536,-2.91930E-3,-0.005,0.019
79.700,9.73192E0,1.06300E-4,-0.247,-0.181,1.676,-3.09682E-3,-0.002,0.021
79.800,9.75117E0,9.69149E-5,-0.245,-0.018,1.034,-3.07710E-3,-2.301E-4,0.013
79.900,9.72439E0,1.04276E-4,-0.245,0.003,0.205,-3.07710E-3,3.287E-5,0.003
80.000,9.70681E0,1.08233E-4,-0.245,0.000,-0.593,-3.07710E-3,0.000,-0.007
80.100,9.73025E0,1.09613E-4,-0.245,-0.076,-1.619,-3.07710E-3,-9.534E-4,-0.020
80.200,9.76791E0,1.11637E-4,-0.245,-0.296,-2.718,-3.07710E-3,-0.004,-0.034
80.300,9.80641E0,1.03080E-4,-0.291,-0.673,-2.993,-3.64912E-3,-0.008,-0.038
80.400,9.42224E0,9.62708E-5,-0.377,-1.034,-1.911,-4.73400E-3,-0.013,-0.024
80.500,9.29167E0,9.16701E-5,-0.517,-1.134,-0.031,-6.48952E-3,-0.014,-3.835E-4
80.600,9.00040E0,8.89096E-5,-0.639,-0.982,1.484,-8.02807E-3,-0.012,0.019
80.700,8.87401E0,9.41545E-5,-0.708,-0.744,2.007,-8.89597E-3,-0.009,0.025
80.800,8.70829E0,9.22222E-5,-0.774,-0.534,1.841,-9.72442E-3,-0.007,0.023
80.900,8.62710E0,8.69773E-5,-0.828,-0.377,1.475,-1.03951E-2,-0.005,0.019
81.000,8.66477E0,1.00780E-4,-0.840,-0.243,1.139,-1.05529E-2,-0.003,0.014
81.100,8.52750E0,9.12100E-5,-0.869,-0.149,0.881,-1.09079E-2,-0.002,0.011
81.200,8.65723E0,8.83576E-5,-0.880,-0.079,0.637,-1.10460E-2,-9.862E-4,0.008
81.300,8.61622E0,1.00596E-4,-0.878,-0.013,0.384,-1.10263E-2,-1.644E-4,0.005
81.400,8.65975E0,1.05564E-4,-0.878,0.003,0.026,-1.10263E-2,3.287E-5,3.287E-4
81.500,8.72503E0,8.49530E-5,-0.878,0.000,-0.550,-1.10263E-2,0.000,-0.007
81.600,8.59446E0,9.33264E-5,-0.878,-0.076,-1.414,-1.10263E-2,-9.534E-4,-0.018
81.700,8.63129E0,9.14861E-5,-0.878,-0.264,-2.361,-1.10263E-2,-0.003,-0.030
81.800,8.57856E0,9.39705E-5,-0.924,-0.581,-2.823,-1.15983E-2,-0.007,-0.035
81.900,8.49653E0,8.53211E-5,-0.991,-0.911,-2.448,-1.24465E-2,-0.011,-0.031
82.000,8.21531E0,8.63332E-5,-1.114,-1.123,-1.318,-1.39850E-2,-0.014,-0.017
82.100,8.07469E0,8.24686E-5,-1.235,-1.191,0.031,-1.55038E-2,-0.015,3.835E-4
82.200,7.97760E0,9.05659E-5,-1.354,-1.092,1.012,-1.70029E-2,-0.014,0.013
82.300,7.87968E0,7.94321E-5,-1.466,-0.924,1.213,-1.84034E-2,-0.012,0.015
82.400,7.71563E0,7.96161E-5,-1.538,-0.783,0.720,-1.93108E-2,-0.010,0.009
82.500,7.67462E0,7.86960E-5,-1.605,-0.772,0.367,-2.01589E-2,-0.010,0.005
82.600,7.61184E0,8.10884E-5,-1.684,-0.812,0.833,-2.11452E-2,-0.010,0.010
82.700,7.39925E0,7.46474E-5,-1.783,-0.675,1.828,-2.23879E-2,-0.008,0.023
82.800,7.35070E0,7.81439E-5,-1.847,-0.380,2.299,-2.31966E-2,-0.005,0.029
82.900,7.40176E0,7.40953E-5,-1.847,-0.107,1.758,-2.31966E-2,-0.001,0.022
83.000,7.29044E0,7.97082E-5,-1.847,0.000,0.812,-2.31966E-2,0.000,0.010
83.100,7.29546E0,8.95537E-5,-1.847,0.000,-0.035,-2.31966E-2,0.000,-4.383E-4
83.200,7.23687E0,8.02603E-5,-1.847,0.000,-0.934,-2.31966E-2,0.000,-0.012
83.300,7.23939E0,9.24982E-5,-1.847,-0.128,-2.081,-2.31966E-2,-0.002,-0.026
83.400,7.25947E0,8.36648E-5,-1.847,-0.432,-2.897,-2.31966E-2,-0.005,-0.036
83.500,7.07450E0,7.88800E-5,-1.924,-0.817,-2.622,-2.41631E-2,-0.010,-0.033
83.600,7.02763E0,6.95865E-5,-2.029,-1.050,-1.414,-2.54847E-2,-0.013,-0.018
83.700,6.87697E0,7.81439E-5,-2.155,-1.084,0.004,-2.70627E-2,-0.014,5.479E-5
83.800,6.79244E0,7.77759E-5,-2.246,-1.013,1.078,-2.82067E-2,-0.013,0.014
83.900,6.48443E0,7.88800E-5,-2.358,-0.851,1.702,-2.96072E-2,-0.011,0.021
84.000,6.50870E0,7.77759E-5,-2.435,-0.636,1.658,-3.05737E-2,-0.008,0.021
84.100,6.39320E0,7.64876E-5,-2.477,-0.440,0.881,-3.11063E-2,-0.006,0.011
84.200,6.31536E0,8.18245E-5,-2.509,-0.429,-0.083,-3.15008E-2,-0.005,-0.001
84.300,6.35637E0,7.47394E-5,-2.548,-0.529,-0.502,-3.19939E-2,-0.007,-0.006
84.400,6.22580E0,7.20709E-5,-2.622,-0.597,-0.218,-3.29210E-2,-0.007,-0.003
84.500,6.14880E0,7.11508E-5,-2.681,-0.573,0.183,-3.36706E-2,-0.007,0.002
84.600,6.14043E0,6.53539E-5,-2.733,-0.516,0.336,-3.43215E-2,-0.006,0.004
84.700,6.05087E0,5.84527E-5,-2.780,-0.500,0.445,-3.49132E-2,-0.006,0.006
84.800,6.00735E0,6.48018E-5,-2.832,-0.469,0.729,-3.55642E-2,-0.006,0.009
84.900,6.01320E0,5.91889E-5,-2.882,-0.353,0.925,-3.61954E-2,-0.004,0.012
85.000,5.87761E0,6.45257E-5,-2.912,-0.225,0.628,-3.65701E-2,-0.003,0.008
85.100,5.94708E0,5.67965E-5,-2.912,-0.188,-0.039,-3.65701E-2,-0.002,-4.931E-4
85.200,5.90942E0,5.94649E-5,-2.937,-0.257,-0.545,-3.68857E-2,-0.003,-0.007
85.300,5.83242E0,5.96489E-5,-2.970,-0.346,-0.607,-3.73000E-2,-0.004,-0.008
85.400,5.74370E0,5.84527E-5,-3.008,-0.395,-0.292,-3.77734E-2,-0.005,-0.004
85.500,5.68594E0,4.84231E-5,-3.049,-0.414,0.140,-3.82862E-2,-0.005,0.002
85.600,5.66000E0,5.52322E-5,-3.096,-0.364,0.362,-3.88780E-2,-0.005,0.005
85.700,5.56709E0,5.66125E-5,-3.131,-0.293,0.288,-3.93119E-2,-0.004,0.004
85.800,5.54700E0,5.66125E-5,-3.145,-0.298,0.201,-3.94894E-2,-0.004,0.003
85.900,5.64493E0,5.96489E-5,-3.176,-0.306,0.454,-3.98839E-2,-0.004,0.006
86.000,5.53361E0,5.50482E-5,-3.230,-0.230,0.860,-4.05546E-2,-0.003,0.011
86.100,5.51353E0,5.12756E-5,-3.230,-0.089,0.894,-4.05546E-2,-0.001,0.011
86.200,5.43569E0,5.79927E-5,-3.230,0.000,0.532,-4.05546E-2,0.000,0.007
86.300,5.49176E0,5.42201E-5,-3.230,0.000,0.148,-4.05546E-2,0.000,0.002
86.400,5.53612E0,6.68261E-5,-3.230,0.000,0.000,-4.05546E-2,0.000,0.000
86.500,5.58718E0,5.59684E-5,-3.230,0.000,0.000,-4.05546E-2,0.000,0.000
86.600,5.51687E0,5.94649E-5,-3.230,0.000,0.000,-4.05546E-2,0.000,0.000
86.700,5.52106E0,5.22878E-5,-3.230,0.000,0.000,-4.05546E-2,0.000,0.000
86.800,5.55537E0,5.63364E-5,-3.230,0.000,0.000,-4.05546E-2,0.000,0.000
86.900,5.52190E0,5.69805E-5,-3.230,0.000,0.000,-4.05546E-2,0.000,0.000
87.000,5.59137E0,5.97410E-5,-3.230,0.000,0.000,-4.05546E-2,0.000,0.000
87.100,5.60810E0,5.77166E-5,-3.230,0.000,0.000,-4.05546E-2,0.000,0.000
87.200,5.50683E0,6.40657E-5,-3.230,0.000,0.000,-4.05546E-2,0.000,0.000
87.300,5.56458E0,5.75326E-5,-3.230,0.000,0.000,-4.05546E-2,0.000,0.000
87.400,5.57965E0,6.64580E-5,-3.230,0.000,0.000,-4.05546E-2,0.000,0.000
87.500,5.58969E0,6.64580E-5,-3.230,0.000,0.000,-4.05546E-2,0.000,0.000
87.600,5.57714E0,6.71021E-5,-3.230,0.000,0.000,-4.05546E-2,0.000,0.000
87.700,5.56374E0,7.05067E-5,-3.230,0.000,0.000,-4.05546E-2,0.000,0.000
87.800,5.58300E0,6.28695E-5,-3.230,0.000,0.000,-4.05546E-2,0.000,0.000
87.900,5.53361E0,6.26854E-5,-3.230,0.000,0.000,-4.05546E-2,0.000,0.000
88.000,5.56291E0,5.68885E-5,-3.230,0.000,0.000,-4.05546E-2,0.000,0.000
88.100,5.61229E0,6.17653E-5,-3.230,0.000,0.000,-4.05546E-2,0.000,0.000
88.200,5.54449E0,6.42497E-5,-3.230,0.000,0.000,-4.05546E-2,0.000,0.000
88.300,5.64242E0,6.06611E-5,-3.230,0.000,0.000,-4.05546E-2,0.000,0.000
88.400,5.62903E0,7.18869E-5,-3.230,0.000,0.000,-4.05546E-2,0.000,0.000
88.500,5.59722E0,5.98330E-5,-3.230,0.000,0.000,-4.05546E-2,0.000,0.000
88.600,5.61229E0,7.05987E-5,-3.230,0.000,0.135,-4.05546E-2,0.000,0.002
88.700,5.55789E0,6.94025E-5,-3.230,0.000,0.580,-4.05546E-2,0.000,0.007
88.800,5.59471E0,5.88208E-5,-3.230,0.081,1.213,-4.05546E-2,0.001,0.015
88.900,5.53864E0,6.54459E-5,-3.230,0.267,1.453,-4.05546E-2,0.003,0.018
89.000,5.65665E0,5.98330E-5,-3.181,0.461,0.790,-3.99431E-2,0.006,0.010
89.100,5.73700E0,6.96786E-5,-3.118,0.492,-0.415,-3.91541E-2,0.006,-0.005
89.200,5.79224E0,7.05067E-5,-3.065,0.330,-1.261,-3.84835E-2,0.004,-0.016
89.300,5.74370E0,6.84824E-5,-3.050,0.149,-1.484,-3.83059E-2,0.002,-0.019
89.400,5.81317E0,7.10588E-5,-3.050,0.047,-1.737,-3.83059E-2,5.917E-4,-0.022
89.500,5.75039E0,6.95865E-5,-3.043,-0.115,-2.269,-3.82073E-2,-0.001,-0.028
89.600,5.73700E0,6.04771E-5,-3.044,-0.448,-2.278,-3.82270E-2,-0.006,-0.029
89.700,5.65832E0,5.73486E-5,-3.126,-0.717,-1.187,-3.92527E-2,-0.009,-0.015
89.800,5.52357E0,6.40657E-5,-3.236,-0.717,0.249,-4.06335E-2,-0.009,0.003
89.900,5.39886E0,5.54163E-5,-3.281,-0.558,0.938,-4.12055E-2,-0.007,0.012
90.000,5.43820E0,5.64284E-5,-3.319,-0.458,0.921,-4.16789E-2,-0.006,0.012
90.100,5.32186E0,6.74702E-5,-3.377,-0.414,0.899,-4.24087E-2,-0.005,0.011
90.200,5.30093E0,5.85448E-5,-3.415,-0.309,1.060,-4.28821E-2,-0.004,0.013
90.300,5.34111E0,5.56003E-5,-3.434,-0.168,1.069,-4.31188E-2,-0.002,0.013
90.400,5.24402E0,5.56003E-5,-3.448,-0.068,0.781,-4.32964E-2,-8.547E-4,0.010
90.500,5.41644E0,4.63988E-5,-3.445,-0.013,0.401,-4.32569E-2,-1.644E-4,0.005
90.600,5.39718E0,5.51402E-5,-3.445,0.005,0.127,-4.32569E-2,6.575E-5,0.002
90.700,5.32855E0,5.67965E-5,-3.445,0.000,-0.065,-4.32569E-2,0.000,-8.219E-4
90.800,5.45577E0,5.46801E-5,-3.445,-0.005,-0.336,-4.32569E-2,-6.575E-5,-0.004
90.900,5.37124E0,6.01090E-5,-3.445,-0.042,-0.785,-4.32569E-2,-5.260E-4,-0.010
91.000,5.48507E0,5.64284E-5,-3.448,-0.154,-1.134,-4.32964E-2,-0.002,-0.014
91.100,5.36371E0,5.99250E-5,-3.467,-0.322,-0.925,-4.35331E-2,-0.004,-0.012
91.200,5.36873E0,6.22254E-5,-3.515,-0.406,-0.170,-4.41445E-2,-0.005,-0.002
91.300,5.27917E0,5.02634E-5,-3.570,-0.346,0.550,-4.48349E-2,-0.004,0.007
91.400,5.29089E0,4.41905E-5,-3.588,-0.233,0.681,-4.50519E-2,-0.003,0.009
91.500,5.22393E0,5.68885E-5,-3.602,-0.165,0.314,-4.52294E-2,-0.002,0.004
91.600,5.19547E0,5.18277E-5,-3.624,-0.178,-0.074,-4.55056E-2,-0.002,-9.315E-4
91.700,5.20217E0,5.65204E-5,-3.633,-0.212,-0.170,-4.56239E-2,-0.003,-0.002
91.800,5.26159E0,5.26558E-5,-3.663,-0.230,-0.004,-4.59987E-2,-0.003,-5.479E-5
91.900,5.16953E0,4.84231E-5,-3.690,-0.215,0.188,-4.63340E-2,-0.003,0.002
92.000,5.29926E0,4.83311E-5,-3.706,-0.178,0.297,-4.65313E-2,-0.002,0.004
92.100,5.21807E0,5.04475E-5,-3.720,-0.152,0.345,-4.67088E-2,-0.002,0.004
92.200,5.12935E0,4.17061E-5,-3.740,-0.115,0.371,-4.69652E-2,-0.001,0.005
92.300,5.14442E0,4.36384E-5,-3.746,-0.071,0.345,-4.70441E-2,-8.876E-4,0.004
92.400,5.07160E0,4.92513E-5,-3.748,-0.037,0.253,-4.70638E-2,-4.603E-4,0.003
92.500,5.07495E0,4.99874E-5,-3.754,-0.024,0.161,-4.71427E-2,-2.959E-4,0.002
92.600,5.08918E0,5.55083E-5,-3.754,-0.010,0.100,-4.71427E-2,-1.315E-4,0.001
92.700,5.11010E0,4.78710E-5,-3.754,0.000,0.057,-4.71427E-2,0.000,7.123E-4
92.800,5.16869E0,5.52322E-5,-3.754,0.000,0.017,-4.71427E-2,0.000,2.192E-4
92.900,5.13270E0,4.69509E-5,-3.754,0.000,0.000,-4.71427E-2,0.000,0.000
93.000,5.13186E0,5.27478E-5,-3.754,0.000,0.000,-4.71427E-2,0.000,0.000
93.100,5.04900E0,4.99874E-5,-3.754,0.000,0.000,-4.71427E-2,0.000,0.000
93.200,5.14191E0,6.33295E-5,-3.754,0.000,0.000,-4.71427E-2,0.000,0.000
93.300,5.05235E0,6.25934E-5,-3.754,0.000,0.000,-4.71427E-2,0.000,0.000
93.400,5.07244E0,6.29615E-5,-3.754,0.000,0.000,-4.71427E-2,0.000,0.000
93.500,5.08918E0,5.12756E-5,-3.754,0.000,0.000,-4.71427E-2,0.000,0.000
93.600,5.10257E0,5.00794E-5,-3.754,0.000,0.000,-4.71427E-2,0.000,0.000
93.700,5.09169E0,5.06315E-5,-3.754,0.000,0.000,-4.71427E-2,0.000,0.000
93.800,5.13186E0,6.11212E-5,-3.754,0.000,0.000,-4.71427E-2,0.000,0.000
93.900,5.13772E0,5.54163E-5,-3.754,0.000,0.000,-4.71427E-2,0.000,0.000
94.000,5.07662E0,5.55083E-5,-3.754,0.000,0.000,-4.71427E-2,0.000,0.000
94.100,5.06658E0,5.39440E-5,-3.754,0.000,0.000,-4.71427E-2,0.000,0.000
94.200,5.07244E0,4.92513E-5,-3.754,0.000,0.000,-4.71427E-2,0.000,0.000
94.300,5.03728E0,6.15813E-5,-3.754,0.000,0.000,-4.71427E-2,0.000,0.000
94.400,5.15613E0,5.35760E-5,-3.754,0.000,0.000,-4.71427E-2,0.000,0.000
94.500,5.12684E0,5.80847E-5,-3.754,0.000,0.000,-4.71427E-2,0.000,0.000
94.600,5.14860E0,6.17653E-5,-3.754,0.000,0.000,-4.71427E-2,0.000,0.000
94.700,5.12098E0,5.74406E-5,-3.754,0.000,0.000,-4.71427E-2,0.000,0.000
94.800,5.13270E0,5.91889E-5,-3.754,0.000,0.000,-4.71427E-2,0.000,0.000
94.900,5.09503E0,5.64284E-5,-3.754,0.000,0.000,-4.71427E-2,0.000,0.000
95.000,5.00297E0,5.32999E-5,-3.754,0.000,0.000,-4.71427E-2,0.000,0.000
95.100,5.13688E0,5.11836E-5,-3.754,0.000,0.004,-4.71427E-2,0.000,5.479E-5
95.200,5.18124E0,5.25638E-5,-3.754,0.000,0.013,-4.71427E-2,0.000,1.644E-4
95.300,5.13688E0,4.24422E-5,-3.754,0.003,0.017,-4.71427E-2,3.288E-5,2.192E-4
95.400,5.14776E0,4.48346E-5,-3.754,0.005,0.009,-4.71427E-2,6.575E-5,1.096E-4
95.500,5.07746E0,4.78710E-5,-3.753,0.005,-0.009,-4.71230E-2,6.575E-5,-1.096E-4
95.600,5.14023E0,6.13972E-5,-3.753,0.003,-0.017,-4.71230E-2,3.287E-5,-2.192E-4
95.700,5.17957E0,5.59684E-5,-3.753,0.000,-0.013,-4.71230E-2,0.000,-1.644E-4
95.800,5.16785E0,5.31159E-5,-3.753,0.000,-0.004,-4.71230E-2,0.000,-5.479E-5
95.900,5.12684E0,6.43417E-5,-3.753,0.000,0.000,-4.71230E-2,0.000,0.000
96.000,5.14107E0,5.27478E-5,-3.753,0.000,0.000,-4.71230E-2,0.000,0.000
96.100,5.07495E0,5.32999E-5,-3.753,0.000,0.000,-4.71230E-2,0.000,0.000
96.200,5.16199E0,5.21957E-5,-3.753,0.000,0.000,-4.71230E-2,0.000,0.000
96.300,5.18459E0,6.01090E-5,-3.753,0.000,0.000,-4.71230E-2,0.000,0.000
96.400,5.23397E0,6.11212E-5,-3.753,0.000,0.000,-4.71230E-2,0.000,0.000
96.500,5.15948E0,6.39736E-5,-3.753,0.000,0.000,-4.71230E-2,0.000,0.000
96.600,5.08415E0,6.30535E-5,-3.753,0.000,0.000,-4.71230E-2,0.000,0.000
96.700,5.00045E0,6.26854E-5,-3.753,0.000,0.000,-4.71230E-2,0.000,0.000
96.800,5.06909E0,6.17653E-5,-3.753,0.000,0.000,-4.71230E-2,0.000,0.000
96.900,5.03477E0,6.71942E-5,-3.753,0.000,0.000,-4.71230E-2,0.000,0.000
97.000,5.04314E0,6.80223E-5,-3.753,0.000,0.000,-4.71230E-2,0.000,0.000
97.100,5.11763E0,6.48938E-5,-3.753,0.000,0.000,-4.71230E-2,0.000,0.000
97.200,5.08248E0,6.25014E-5,-3.753,0.000,0.000,-4.71230E-2,0.000,0.000
97.300,5.13270E0,5.40360E-5,-3.753,0.000,0.000,-4.71230E-2,0.000,0.000
97.400,5.11261E0,6.02930E-5,-3.753,0.000,0.000,-4.71230E-2,0.000,0.000
97.500,5.02556E0,5.43121E-5,-3.753,0.000,0.000,-4.71230E-2,0.000,0.000
97.600,5.03896E0,5.91889E-5,-3.753,0.000,0.000,-4.71230E-2,0.000,0.000
97.700,5.01301E0,5.10916E-5,-3.753,0.000,,-4.71230E-2,0.000,
97.800,5.10508E0,5.09075E-5,-3.753,0.000,,-4.71230E-2,0.000,
97.900,5.03561E0,5.84527E-5,-3.753,,,-4.71230E-2,,
